[
  {
    "dimension": {
      "f_135804_": "minecraft",
      "f_135805_": "overworld"
    },
    "id": "4125265c-b21d-48af-9340-3bda5f1111c2",
    "ownerID": "3d0a4afa-9924-36ce-a19d-27e9ec30c7a3",
    "pos": {
      "f_123285_": 63,
      "f_123286_": 69,
      "f_123289_": -35
    },
    "type": 0
  },
  {
    "dimension": {
      "f_135804_": "minecraft",
      "f_135805_": "overworld"
    },
    "id": "7d579882-5532-4f8f-832b-802f6aa34410",
    "ownerID": "3d0a4afa-9924-36ce-a19d-27e9ec30c7a3",
    "pos": {
      "f_123285_": 104,
      "f_123286_": 65,
      "f_123289_": -44
    },
    "type": 0
  },
  {
    "dimension": {
      "f_135804_": "minecraft",
      "f_135805_": "overworld"
    },
    "id": "b0d075ed-b9d5-4959-8cfd-a265b6be8aa2",
    "ownerID": "3d0a4afa-9924-36ce-a19d-27e9ec30c7a3",
    "pos": {
      "f_123285_": -83,
      "f_123286_": 83,
      "f_123289_": -63
    },
    "type": 0
  }
]