{"stats":{"minecraft:used":{"minecraft:stone_sword":119,"minecraft:iron_sword":11,"minecraft:rotten_flesh":2,"minecraft:dirt":205,"chiselsandbits:chiseledrock":3,"minecraft:mutton":6,"minecraft:carrot":1,"chipped:cobblestone_bricks":8,"minecraft:bow":2,"minecraft:furnace":2,"minecraft:cooked_beef":10,"minecraft:pumpkin":3,"minecraft:cooked_mutton":2,"minecraft:birch_planks":2,"minecraft:stone_pickaxe":532,"minecraft:wooden_pickaxe":59,"biomesoplenty:fir_planks":4,"minecraft:spruce_sign":1,"chipped:simple_cobblestone_pillar":3,"another_furniture:oak_chair":2,"minecraft:mossy_cobblestone":2,"minecraft:crafting_table":8,"chipped:mason_table":1,"minecraft:white_bed":4,"minecraft:spruce_log":3,"waystones:waystone":4,"minecraft:dark_oak_log":1,"minecraft:bread":12,"minecraft:suspicious_stew":1,"minecraft:iron_pickaxe":37,"minecraft:stone_axe":31,"twigs:bronzed_seashell":4,"minecraft:cobblestone":6,"chipped:rounded_cobblestone_bricks":3,"chipped:offset_cobblestone_bricks":9,"alexsmobs:animal_dictionary":3,"twigs:pebble":1},"minecraft:custom":{"minecraft:interact_with_smithing_table":1,"lootr:looted_stat":28,"minecraft:mob_kills":37,"minecraft:interact_with_crafting_table":43,"minecraft:open_barrel":2,"minecraft:leave_game":1,"minecraft:time_since_death":20651,"minecraft:climb_one_cm":1686,"minecraft:sprint_one_cm":309969,"minecraft:walk_one_cm":266114,"minecraft:drop":43,"minecraft:play_time":123093,"minecraft:deaths":1,"minecraft:sneak_time":3106,"minecraft:walk_under_water_one_cm":12712,"minecraft:jump":2352,"minecraft:walk_on_water_one_cm":5882,"minecraft:total_world_time":123093,"minecraft:interact_with_furnace":28,"minecraft:sleep_in_bed":12,"minecraft:time_since_rest":13379,"minecraft:waystone_activated":4,"minecraft:damage_taken":1283,"minecraft:damage_dealt":5404,"minecraft:swim_one_cm":36637,"minecraft:fly_one_cm":439081,"minecraft:open_chest":25,"minecraft:crouch_one_cm":4337,"minecraft:fall_one_cm":58301},"minecraft:dropped":{"minecraft:iron_ingot":7,"minecraft:cobblestone":28,"minecraft:chainmail_helmet":1,"minecraft:leather_helmet":1,"minecraft:cod":4,"twigs:pebble":1,"minecraft:cobweb":1,"minecraft:dirt":64,"minecraft:map":1,"gravestone:obituary":4,"minecraft:paper":2,"minecraft:dark_oak_planks":5,"chiselsandbits:block_bit":1,"minecraft:gold_ingot":16,"minecraft:gravel":1,"minecraft:iron_nugget":2,"minecraft:stone_sword":1,"minecraft:bowl":2,"minecraft:beetroot":10,"minecraft:rotten_flesh":23,"sophisticatedbackpacks:backpack":1,"minecraft:pumpkin_seeds":6,"minecraft:chainmail_chestplate":1,"minecraft:chiseled_stone_bricks":1,"minecraft:poppy":1,"minecraft:leather_chestplate":1,"chipped:offset_cobblestone_bricks":23,"minecraft:beetroot_seeds":10,"minecraft:melon_seeds":6,"minecraft:leather_boots":4,"minecraft:oak_sapling":1,"minecraft:golden_sword":1,"minecraft:spruce_log":3,"minecraft:stone_pickaxe":1,"waystones:waystone":1,"minecraft:stone_brick_stairs":1},"minecraft:mined":{"minecraft:white_bed":3,"minecraft:mossy_cobblestone":53,"minecraft:dark_oak_log":1,"gravestone:gravestone":1,"biomesoplenty:dead_leaves":24,"biomesoplenty:bush":2,"minecraft:grass_block":261,"minecraft:spruce_leaves":247,"another_furniture:oak_chair":4,"another_furniture:oak_table":1,"minecraft:hay_block":6,"chipped:offset_cobblestone_bricks":2,"minecraft:furnace":1,"minecraft:iron_ore":13,"minecraft:diamond_block":1,"minecraft:pumpkin":3,"twigs:bronzed_seashell":2,"biomesoplenty:barley":12,"minecraft:azalea":1,"minecraft:stone":466,"minecraft:podzol":86,"minecraft:smithing_table":1,"chipped:cobblestone_bricks":8,"twigs:pebble":1,"minecraft:flowering_azalea":1,"minecraft:powder_snow":25,"minecraft:clay":3,"minecraft:crafting_table":6,"minecraft:cobblestone":2,"minecraft:copper_ore":17,"minecraft:tall_grass":5,"chipped:rounded_cobblestone_bricks":3,"biomesoplenty:goldenrod":7,"minecraft:skeleton_skull":4,"minecraft:birch_log":6,"minecraft:wheat":111,"chipped:simple_cobblestone_pillar":3,"biomesoplenty:maple_leaves":3,"minecraft:spruce_log":21,"minecraft:birch_leaves":2,"biomesoplenty:fir_log":10,"minecraft:red_wall_banner":1,"minecraft:grass":29,"biomesoplenty:dead_log":9,"minecraft:coal_ore":38,"minecraft:oak_log":6,"biomesoplenty:fir_leaves":48,"minecraft:sand":192,"minecraft:gravel":1,"minecraft:dirt":259,"biomesoplenty:stringy_cobweb":1,"minecraft:cobweb":9,"minecraft:chipped_anvil":1,"minecraft:oak_leaves":6,"minecraft:emerald_block":1,"minecraft:fern":9},"minecraft:killed":{"minecraft:witch":1,"alexsmobs:seagull":1,"minecraft:horse":6,"minecraft:skeleton":4,"minecraft:pig":1,"minecraft:zombie_villager":1,"minecraft:sheep":8,"alexsmobs:crocodile":1,"minecraft:zombie":6,"alexsmobs:crow":1,"minecraft:cow":8},"minecraft:broken":{"minecraft:iron_boots":1,"minecraft:wooden_pickaxe":1,"minecraft:stone_pickaxe":4},"minecraft:picked_up":{"minecraft:crafting_table":6,"minecraft:wheat":110,"minecraft:clay_ball":12,"minecraft:smithing_table":1,"another_furniture:oak_chair":4,"minecraft:stone_brick_stairs":1,"another_furniture:oak_table":1,"gravestone:obituary":3,"minecraft:string":8,"minecraft:raw_copper":58,"minecraft:white_carpet":1,"biomesoplenty:dead_sapling":1,"chipped:simple_cobblestone_pillar":3,"biomesoplenty:fir_planks":2,"minecraft:spruce_planks":33,"twigs:pebble":26,"minecraft:beef":24,"minecraft:azalea":1,"minecraft:poppy":1,"minecraft:birch_sapling":2,"minecraft:iron_boots":1,"minecraft:furnace":1,"minecraft:raw_iron":13,"minecraft:stick":18,"minecraft:spruce_stairs":2,"minecraft:porkchop":1,"minecraft:diorite":4,"chipped:offset_cobblestone_bricks":32,"minecraft:dark_oak_planks":5,"chipped:rounded_cobblestone_bricks":3,"minecraft:arrow":2,"minecraft:rotten_flesh":9,"minecraft:hay_block":6,"minecraft:gold_ingot":8,"chipped:cobblestone_bricks":8,"minecraft:snowball":13,"minecraft:mutton":15,"minecraft:cobblestone":342,"minecraft:skeleton_skull":5,"minecraft:white_wool":9,"minecraft:birch_log":6,"minecraft:leather_chestplate":2,"minecraft:feather":3,"minecraft:cooked_beef":1,"biomesoplenty:goldenrod":6,"minecraft:leather":14,"minecraft:birch_planks":2,"minecraft:filled_map":1,"biomesoplenty:dead_log":9,"biomesoplenty:fir_sapling":1,"biomesoplenty:fir_log":10,"minecraft:oak_log":6,"minecraft:chainmail_chestplate":1,"minecraft:dirt":690,"minecraft:cooked_mutton":2,"minecraft:leather_boots":2,"minecraft:bone":1,"minecraft:chipped_anvil":1,"minecraft:bow":1,"minecraft:wheat_seeds":311,"minecraft:iron_ingot":4,"twigs:twig":26,"minecraft:oak_planks":1,"minecraft:flowering_azalea":1,"chiselsandbits:chiseledrock":4,"minecraft:emerald_block":1,"minecraft:pumpkin":3,"minecraft:chiseled_stone_bricks":1,"twigs:bronzed_seashell":3,"minecraft:gravel":13,"minecraft:sand":256,"minecraft:red_banner":1,"minecraft:spruce_sapling":22,"minecraft:white_bed":3,"minecraft:spruce_log":38,"minecraft:mossy_cobblestone":32,"minecraft:dark_oak_log":46,"minecraft:leather_helmet":1,"minecraft:polished_andesite":4,"waystones:waystone":5,"minecraft:golden_apple":1,"minecraft:spruce_sign":1,"minecraft:chainmail_helmet":1,"minecraft:oak_sapling":1,"minecraft:coal":51},"minecraft:killed_by":{"minecraft:creeper":1},"minecraft:crafted":{"minecraft:brick":8,"minecraft:oak_planks":24,"minecraft:furnace":2,"chipped:offset_cobblestone_bricks":2,"minecraft:polished_diorite":4,"mcwdoors:print_spruce":4,"minecraft:stone_pickaxe":5,"minecraft:chest":2,"chipped:mason_table":1,"chiselsandbits:chisel_stone":1,"sophisticatedbackpacks:iron_backpack":1,"minecraft:cooked_beef":9,"sophisticatedbackpacks:backpack":2,"minecraft:crafting_table":4,"minecraft:spruce_planks":64,"minecraft:wooden_pickaxe":1,"minecraft:spruce_door":3,"sophisticatedbackpacks:gold_backpack":1,"minecraft:birch_planks":24,"minecraft:stone_axe":1,"minecraft:air":0,"biomesoplenty:fir_planks":4,"minecraft:stick":18,"minecraft:iron_ingot":3,"minecraft:iron_pickaxe":1,"minecraft:stone_sword":1,"chipped:cobblestone_bricks":1,"minecraft:gold_ingot":3,"minecraft:white_bed":1}},"DataVersion":3120}