{"stats":{"minecraft:used":{"minecraft:cooked_mutton":1,"minecraft:wooden_pickaxe":59,"minecraft:rotten_flesh":2,"minecraft:dirt":1,"minecraft:mutton":4,"minecraft:crafting_table":1,"alexsmobs:animal_dictionary":3},"minecraft:custom":{"minecraft:time_since_rest":21093,"minecraft:sprint_one_cm":54885,"minecraft:damage_taken":170,"minecraft:walk_one_cm":55959,"minecraft:mob_kills":2,"minecraft:drop":3,"minecraft:damage_dealt":394,"minecraft:interact_with_crafting_table":2,"minecraft:fly_one_cm":66321,"minecraft:crouch_one_cm":184,"minecraft:play_time":21093,"minecraft:sneak_time":59,"minecraft:walk_under_water_one_cm":690,"minecraft:jump":402,"minecraft:leave_game":1,"minecraft:walk_on_water_one_cm":614,"minecraft:time_since_death":21093,"minecraft:total_world_time":21093,"minecraft:fall_one_cm":8407},"minecraft:dropped":{"minecraft:cobblestone":28,"gravestone:obituary":1,"minecraft:stone_pickaxe":1},"minecraft:mined":{"minecraft:birch_log":6,"minecraft:birch_leaves":2,"minecraft:grass":10,"biomesoplenty:bush":1,"minecraft:grass_block":1,"minecraft:oak_log":6,"minecraft:tall_grass":1,"biomesoplenty:barley":12,"minecraft:stone":59,"minecraft:oak_leaves":3,"biomesoplenty:goldenrod":1},"minecraft:killed":{"minecraft:sheep":2,"minecraft:zombie_villager":1},"minecraft:broken":{"minecraft:wooden_pickaxe":1},"minecraft:picked_up":{"minecraft:birch_log":6,"minecraft:oak_log":6,"gravestone:obituary":1,"minecraft:dirt":21,"minecraft:cooked_mutton":2,"minecraft:rotten_flesh":2,"minecraft:wheat_seeds":3,"minecraft:oak_sapling":1,"twigs:twig":1,"minecraft:mutton":4,"minecraft:birch_sapling":2,"minecraft:white_wool":2,"minecraft:cobblestone":59},"minecraft:crafted":{"minecraft:oak_planks":24,"minecraft:crafting_table":2,"minecraft:stick":4,"minecraft:wooden_pickaxe":1,"minecraft:stone_pickaxe":1,"minecraft:birch_planks":24}},"DataVersion":3120}