{"stats":{"minecraft:mined":{"minecraft:grass":5,"minecraft:melon":5,"minecraft:cocoa":3,"minecraft:vine":1,"minecraft:jungle_log":4,"minecraft:dirt":6,"minecraft:stone":11,"minecraft:fern":2,"minecraft:oak_leaves":2,"minecraft:crafting_table":1},"minecraft:crafted":{"minecraft:wooden_sword":1,"minecraft:crafting_table":1,"minecraft:stick":4,"minecraft:wooden_pickaxe":1,"minecraft:jungle_planks":16},"minecraft:picked_up":{"minecraft:cocoa_beans":9,"minecraft:crafting_table":1,"minecraft:jungle_log":4,"minecraft:melon_slice":28,"minecraft:oak_sapling":1,"minecraft:dirt":6,"minecraft:cobblestone":10},"minecraft:custom":{"minecraft:time_since_rest":24155,"enigmaticlegacy:play_time_with_seven_curses":11354,"minecraft:crouch_one_cm":705,"minecraft:play_time":24155,"minecraft:sprint_one_cm":16714,"minecraft:walk_one_cm":8871,"minecraft:sneak_time":283,"minecraft:jump":218,"minecraft:leave_game":3,"minecraft:time_since_death":24155,"minecraft:total_world_time":24155,"enigmaticlegacy:play_time_without_seven_curses":12801,"minecraft:climb_one_cm":8906,"minecraft:interact_with_crafting_table":1,"minecraft:fall_one_cm":7680,"minecraft:fly_one_cm":27679},"minecraft:used":{"minecraft:wooden_sword":8,"minecraft:crafting_table":1,"minecraft:wooden_pickaxe":17}},"DataVersion":3120}