{"stats":{"minecraft:used":{"minecraft:cooked_mutton":2,"minecraft:stone_sword":106,"minecraft:stone_pickaxe":43,"minecraft:wooden_pickaxe":59,"biomesoplenty:fir_planks":4,"minecraft:rotten_flesh":2,"minecraft:dirt":2,"minecraft:mutton":6,"minecraft:crafting_table":8,"minecraft:carrot":1,"minecraft:white_bed":2,"waystones:waystone":2,"minecraft:dark_oak_log":1,"minecraft:iron_pickaxe":3,"minecraft:suspicious_stew":1,"minecraft:stone_axe":10,"minecraft:cobblestone":1,"minecraft:bow":2,"minecraft:furnace":1,"alexsmobs:animal_dictionary":3,"minecraft:pumpkin":3,"twigs:pebble":1,"minecraft:cooked_beef":5},"minecraft:custom":{"lootr:looted_stat":13,"minecraft:interact_with_furnace":6,"minecraft:mob_kills":31,"minecraft:interact_with_crafting_table":25,"minecraft:open_barrel":1,"minecraft:leave_game":1,"minecraft:time_since_death":57093,"minecraft:sleep_in_bed":5,"minecraft:climb_one_cm":1579,"minecraft:time_since_rest":8469,"minecraft:waystone_activated":2,"minecraft:sprint_one_cm":170020,"minecraft:damage_taken":463,"minecraft:walk_one_cm":137259,"minecraft:drop":29,"minecraft:damage_dealt":4339,"minecraft:swim_one_cm":19800,"minecraft:fly_one_cm":246564,"minecraft:crouch_one_cm":1327,"minecraft:play_time":57093,"minecraft:sneak_time":546,"minecraft:walk_under_water_one_cm":1213,"minecraft:jump":1274,"minecraft:walk_on_water_one_cm":1957,"minecraft:total_world_time":57093,"minecraft:fall_one_cm":31778},"minecraft:dropped":{"minecraft:iron_nugget":2,"minecraft:bowl":2,"minecraft:beetroot":10,"minecraft:cobblestone":28,"minecraft:rotten_flesh":23,"sophisticatedbackpacks:backpack":1,"minecraft:chainmail_helmet":1,"minecraft:pumpkin_seeds":6,"minecraft:leather_helmet":1,"minecraft:chiseled_stone_bricks":1,"minecraft:cobweb":1,"minecraft:cod":4,"minecraft:chainmail_chestplate":1,"twigs:pebble":1,"minecraft:leather_chestplate":1,"minecraft:melon_seeds":6,"minecraft:beetroot_seeds":10,"minecraft:oak_sapling":1,"minecraft:map":1,"minecraft:leather_boots":4,"minecraft:golden_sword":1,"gravestone:obituary":1,"minecraft:stone_pickaxe":1,"minecraft:paper":2,"minecraft:dark_oak_planks":5,"minecraft:stone_brick_stairs":1},"minecraft:mined":{"twigs:pebble":1,"minecraft:white_bed":2,"minecraft:mossy_cobblestone":23,"minecraft:dark_oak_log":1,"minecraft:crafting_table":6,"biomesoplenty:bush":2,"minecraft:grass_block":2,"minecraft:tall_grass":3,"minecraft:hay_block":2,"biomesoplenty:goldenrod":7,"minecraft:skeleton_skull":4,"minecraft:furnace":1,"minecraft:birch_log":6,"minecraft:wheat":111,"minecraft:birch_leaves":2,"minecraft:diamond_block":1,"minecraft:pumpkin":3,"biomesoplenty:fir_log":10,"minecraft:red_wall_banner":1,"minecraft:grass":18,"minecraft:oak_log":6,"minecraft:coal_ore":10,"biomesoplenty:fir_leaves":48,"minecraft:gravel":1,"minecraft:cobweb":9,"biomesoplenty:barley":12,"minecraft:stone":64,"minecraft:chipped_anvil":1,"minecraft:emerald_block":1,"minecraft:oak_leaves":6},"minecraft:killed":{"minecraft:pig":1,"minecraft:zombie_villager":1,"alexsmobs:seagull":1,"minecraft:skeleton":4,"minecraft:sheep":8,"minecraft:horse":6,"minecraft:zombie":2,"alexsmobs:crow":1,"minecraft:cow":8},"minecraft:broken":{"minecraft:wooden_pickaxe":1},"minecraft:picked_up":{"minecraft:birch_log":6,"minecraft:wheat":110,"minecraft:leather_chestplate":1,"minecraft:crafting_table":6,"minecraft:feather":3,"minecraft:cooked_beef":1,"biomesoplenty:goldenrod":6,"minecraft:leather":14,"biomesoplenty:fir_sapling":1,"biomesoplenty:fir_log":10,"minecraft:stone_brick_stairs":1,"minecraft:oak_log":6,"minecraft:chainmail_chestplate":1,"gravestone:obituary":1,"minecraft:dirt":22,"minecraft:string":7,"minecraft:leather_boots":2,"minecraft:cooked_mutton":2,"minecraft:chipped_anvil":1,"minecraft:bow":1,"minecraft:wheat_seeds":307,"twigs:pebble":2,"minecraft:beef":24,"twigs:twig":2,"minecraft:birch_sapling":2,"minecraft:iron_boots":1,"minecraft:furnace":1,"minecraft:emerald_block":1,"minecraft:pumpkin":3,"minecraft:chiseled_stone_bricks":1,"minecraft:gravel":5,"minecraft:porkchop":1,"minecraft:red_banner":1,"minecraft:white_bed":2,"minecraft:dark_oak_log":1,"minecraft:leather_helmet":1,"minecraft:dark_oak_planks":5,"minecraft:arrow":2,"minecraft:rotten_flesh":6,"waystones:waystone":3,"minecraft:hay_block":2,"minecraft:golden_apple":1,"minecraft:oak_sapling":1,"minecraft:mutton":15,"minecraft:coal":23,"minecraft:skeleton_skull":5,"minecraft:white_wool":9,"minecraft:cobblestone":64},"minecraft:crafted":{"minecraft:cooked_beef":9,"minecraft:oak_planks":24,"sophisticatedbackpacks:backpack":2,"minecraft:crafting_table":3,"minecraft:wooden_pickaxe":1,"minecraft:furnace":1,"sophisticatedbackpacks:gold_backpack":1,"minecraft:birch_planks":24,"minecraft:stone_axe":1,"minecraft:air":0,"biomesoplenty:fir_planks":4,"minecraft:iron_ingot":3,"minecraft:stick":14,"minecraft:iron_pickaxe":1,"minecraft:stone_pickaxe":2,"minecraft:stone_sword":1,"minecraft:chest":2,"minecraft:gold_ingot":3,"minecraft:white_bed":1,"sophisticatedbackpacks:iron_backpack":1}},"DataVersion":3120}