{"stats":{"minecraft:used":{"minecraft:cooked_mutton":2,"minecraft:stone_sword":106,"minecraft:stone_pickaxe":42,"minecraft:wooden_pickaxe":59,"minecraft:rotten_flesh":2,"minecraft:dirt":1,"minecraft:mutton":6,"minecraft:crafting_table":6,"minecraft:carrot":1,"minecraft:white_bed":1,"waystones:waystone":2,"minecraft:iron_pickaxe":3,"minecraft:suspicious_stew":1,"minecraft:bow":2,"minecraft:furnace":1,"alexsmobs:animal_dictionary":3,"twigs:pebble":1,"minecraft:cooked_beef":3},"minecraft:custom":{"lootr:looted_stat":9,"minecraft:interact_with_furnace":6,"minecraft:mob_kills":31,"minecraft:interact_with_crafting_table":17,"minecraft:open_barrel":1,"minecraft:leave_game":1,"minecraft:time_since_death":45093,"minecraft:sleep_in_bed":3,"minecraft:climb_one_cm":1533,"minecraft:time_since_rest":11588,"minecraft:waystone_activated":2,"minecraft:sprint_one_cm":122999,"minecraft:damage_taken":362,"minecraft:walk_one_cm":121744,"minecraft:drop":13,"minecraft:damage_dealt":4339,"minecraft:swim_one_cm":9674,"minecraft:fly_one_cm":168379,"minecraft:crouch_one_cm":1070,"minecraft:play_time":45093,"minecraft:sneak_time":424,"minecraft:walk_under_water_one_cm":987,"minecraft:jump":939,"minecraft:walk_on_water_one_cm":1256,"minecraft:total_world_time":45093,"minecraft:fall_one_cm":20722},"minecraft:dropped":{"minecraft:cobblestone":28,"sophisticatedbackpacks:backpack":1,"minecraft:chainmail_helmet":1,"minecraft:leather_helmet":1,"minecraft:chainmail_chestplate":1,"minecraft:leather_chestplate":1,"minecraft:leather_boots":4,"gravestone:obituary":1,"minecraft:stone_pickaxe":1,"minecraft:dark_oak_planks":5},"minecraft:mined":{"twigs:pebble":1,"minecraft:white_bed":1,"minecraft:mossy_cobblestone":23,"minecraft:crafting_table":4,"biomesoplenty:bush":2,"minecraft:grass_block":1,"minecraft:tall_grass":3,"biomesoplenty:goldenrod":7,"minecraft:skeleton_skull":4,"minecraft:furnace":1,"minecraft:birch_log":6,"minecraft:birch_leaves":2,"minecraft:diamond_block":1,"minecraft:red_wall_banner":1,"minecraft:grass":18,"minecraft:oak_log":6,"minecraft:coal_ore":10,"minecraft:gravel":1,"minecraft:cobweb":9,"biomesoplenty:barley":12,"minecraft:stone":63,"minecraft:chipped_anvil":1,"minecraft:emerald_block":1,"minecraft:oak_leaves":4},"minecraft:killed":{"minecraft:pig":1,"minecraft:zombie_villager":1,"alexsmobs:seagull":1,"minecraft:skeleton":4,"minecraft:sheep":8,"minecraft:horse":6,"minecraft:zombie":2,"alexsmobs:crow":1,"minecraft:cow":8},"minecraft:broken":{"minecraft:wooden_pickaxe":1},"minecraft:picked_up":{"minecraft:birch_log":6,"minecraft:leather_chestplate":1,"minecraft:crafting_table":4,"minecraft:feather":3,"minecraft:cooked_beef":1,"biomesoplenty:goldenrod":6,"minecraft:leather":14,"minecraft:stone_brick_stairs":1,"minecraft:oak_log":6,"minecraft:chainmail_chestplate":1,"gravestone:obituary":1,"minecraft:dirt":21,"minecraft:string":7,"minecraft:leather_boots":2,"minecraft:cooked_mutton":2,"minecraft:chipped_anvil":1,"minecraft:bow":1,"minecraft:wheat_seeds":5,"twigs:pebble":2,"minecraft:beef":24,"twigs:twig":1,"minecraft:birch_sapling":2,"minecraft:iron_boots":1,"minecraft:furnace":1,"minecraft:emerald_block":1,"minecraft:chiseled_stone_bricks":1,"minecraft:gravel":5,"minecraft:porkchop":1,"minecraft:red_banner":1,"minecraft:white_bed":1,"minecraft:leather_helmet":1,"minecraft:dark_oak_planks":5,"minecraft:arrow":2,"minecraft:rotten_flesh":5,"waystones:waystone":3,"minecraft:oak_sapling":1,"minecraft:mutton":15,"minecraft:coal":18,"minecraft:skeleton_skull":5,"minecraft:white_wool":9,"minecraft:cobblestone":63},"minecraft:crafted":{"minecraft:cooked_beef":9,"minecraft:oak_planks":24,"sophisticatedbackpacks:backpack":2,"minecraft:crafting_table":3,"minecraft:wooden_pickaxe":1,"minecraft:furnace":1,"minecraft:birch_planks":24,"minecraft:air":0,"minecraft:stick":10,"minecraft:iron_pickaxe":1,"minecraft:stone_pickaxe":2,"minecraft:stone_sword":1,"minecraft:chest":2,"minecraft:white_bed":1}},"DataVersion":3120}