{"stats":{"minecraft:picked_up":{"minecraft:oak_sapling":1},"minecraft:custom":{"minecraft:jump":11,"minecraft:time_since_rest":5096,"enigmaticlegacy:play_time_with_seven_curses":0,"minecraft:leave_game":1,"minecraft:sprint_one_cm":1394,"minecraft:play_time":5096,"minecraft:time_since_death":5096,"minecraft:walk_one_cm":943,"enigmaticlegacy:play_time_without_seven_curses":5096,"minecraft:total_world_time":5096,"minecraft:fall_one_cm":209,"minecraft:fly_one_cm":1059},"minecraft:mined":{"minecraft:oak_leaves":2}},"DataVersion":3120}