{"stats":{"minecraft:used":{"minecraft:stone_sword":106,"minecraft:rotten_flesh":2,"minecraft:dirt":24,"minecraft:mutton":6,"minecraft:carrot":1,"minecraft:bow":2,"minecraft:furnace":1,"minecraft:cooked_beef":8,"minecraft:pumpkin":3,"minecraft:cooked_mutton":2,"minecraft:stone_pickaxe":67,"minecraft:wooden_pickaxe":59,"biomesoplenty:fir_planks":4,"minecraft:crafting_table":8,"minecraft:white_bed":3,"waystones:waystone":3,"minecraft:dark_oak_log":1,"minecraft:suspicious_stew":1,"minecraft:iron_pickaxe":3,"minecraft:stone_axe":26,"minecraft:cobblestone":1,"alexsmobs:animal_dictionary":3,"twigs:pebble":1},"minecraft:custom":{"minecraft:interact_with_smithing_table":1,"lootr:looted_stat":17,"minecraft:mob_kills":31,"minecraft:interact_with_crafting_table":25,"minecraft:open_barrel":2,"minecraft:leave_game":1,"minecraft:time_since_death":69093,"minecraft:climb_one_cm":1579,"minecraft:sprint_one_cm":221158,"minecraft:walk_one_cm":163324,"minecraft:drop":31,"minecraft:play_time":69093,"minecraft:sneak_time":634,"minecraft:walk_under_water_one_cm":1300,"minecraft:jump":1593,"minecraft:walk_on_water_one_cm":2365,"minecraft:total_world_time":69093,"minecraft:interact_with_furnace":7,"minecraft:sleep_in_bed":6,"minecraft:time_since_rest":6640,"minecraft:waystone_activated":3,"minecraft:damage_taken":524,"minecraft:damage_dealt":4339,"minecraft:swim_one_cm":19800,"minecraft:fly_one_cm":312284,"minecraft:open_chest":2,"minecraft:crouch_one_cm":1519,"minecraft:fall_one_cm":38535},"minecraft:dropped":{"minecraft:cobblestone":28,"minecraft:chainmail_helmet":1,"minecraft:leather_helmet":1,"minecraft:cod":4,"twigs:pebble":1,"minecraft:cobweb":1,"minecraft:map":1,"gravestone:obituary":1,"minecraft:paper":2,"minecraft:dark_oak_planks":5,"minecraft:iron_nugget":2,"minecraft:bowl":2,"minecraft:beetroot":10,"minecraft:rotten_flesh":23,"sophisticatedbackpacks:backpack":1,"minecraft:pumpkin_seeds":6,"minecraft:chainmail_chestplate":1,"minecraft:chiseled_stone_bricks":1,"minecraft:poppy":1,"minecraft:leather_chestplate":1,"minecraft:beetroot_seeds":10,"minecraft:melon_seeds":6,"minecraft:leather_boots":4,"minecraft:oak_sapling":1,"minecraft:golden_sword":1,"minecraft:spruce_log":3,"minecraft:stone_pickaxe":1,"minecraft:stone_brick_stairs":1},"minecraft:mined":{"minecraft:white_bed":3,"minecraft:mossy_cobblestone":23,"minecraft:dark_oak_log":1,"biomesoplenty:dead_leaves":24,"biomesoplenty:bush":2,"minecraft:grass_block":2,"minecraft:spruce_leaves":2,"minecraft:hay_block":2,"minecraft:furnace":1,"minecraft:diamond_block":1,"minecraft:pumpkin":3,"biomesoplenty:barley":12,"minecraft:stone":64,"minecraft:podzol":22,"minecraft:smithing_table":1,"twigs:pebble":1,"minecraft:powder_snow":25,"minecraft:crafting_table":6,"minecraft:copper_ore":9,"minecraft:tall_grass":3,"biomesoplenty:goldenrod":7,"minecraft:skeleton_skull":4,"minecraft:birch_log":6,"minecraft:wheat":111,"minecraft:spruce_log":6,"minecraft:birch_leaves":2,"biomesoplenty:fir_log":10,"minecraft:red_wall_banner":1,"minecraft:grass":25,"biomesoplenty:dead_log":9,"minecraft:coal_ore":23,"minecraft:oak_log":6,"biomesoplenty:fir_leaves":48,"minecraft:gravel":1,"biomesoplenty:stringy_cobweb":1,"minecraft:cobweb":9,"minecraft:chipped_anvil":1,"minecraft:oak_leaves":6,"minecraft:emerald_block":1,"minecraft:fern":9},"minecraft:killed":{"alexsmobs:seagull":1,"minecraft:horse":6,"minecraft:skeleton":4,"minecraft:pig":1,"minecraft:zombie_villager":1,"minecraft:sheep":8,"minecraft:zombie":2,"alexsmobs:crow":1,"minecraft:cow":8},"minecraft:broken":{"minecraft:wooden_pickaxe":1},"minecraft:picked_up":{"minecraft:crafting_table":6,"minecraft:wheat":110,"minecraft:smithing_table":1,"minecraft:stone_brick_stairs":1,"gravestone:obituary":1,"minecraft:string":7,"minecraft:raw_copper":28,"biomesoplenty:dead_sapling":1,"minecraft:spruce_planks":33,"twigs:pebble":2,"minecraft:beef":24,"minecraft:poppy":1,"minecraft:birch_sapling":2,"minecraft:iron_boots":1,"minecraft:furnace":1,"minecraft:stick":14,"minecraft:spruce_stairs":2,"minecraft:porkchop":1,"minecraft:dark_oak_planks":5,"minecraft:arrow":2,"minecraft:rotten_flesh":6,"minecraft:hay_block":2,"minecraft:mutton":15,"minecraft:cobblestone":64,"minecraft:skeleton_skull":5,"minecraft:white_wool":9,"minecraft:birch_log":6,"minecraft:leather_chestplate":1,"minecraft:feather":3,"minecraft:cooked_beef":1,"biomesoplenty:goldenrod":6,"minecraft:leather":14,"biomesoplenty:dead_log":9,"biomesoplenty:fir_sapling":1,"biomesoplenty:fir_log":10,"minecraft:oak_log":6,"minecraft:chainmail_chestplate":1,"minecraft:dirt":44,"minecraft:cooked_mutton":2,"minecraft:leather_boots":2,"minecraft:chipped_anvil":1,"minecraft:bow":1,"minecraft:wheat_seeds":307,"twigs:twig":10,"minecraft:emerald_block":1,"minecraft:pumpkin":3,"minecraft:chiseled_stone_bricks":1,"minecraft:gravel":5,"minecraft:red_banner":1,"minecraft:spruce_sapling":7,"minecraft:white_bed":3,"minecraft:spruce_log":9,"minecraft:dark_oak_log":1,"minecraft:leather_helmet":1,"waystones:waystone":5,"minecraft:golden_apple":1,"minecraft:oak_sapling":1,"minecraft:coal":36},"minecraft:crafted":{"minecraft:oak_planks":24,"minecraft:furnace":1,"minecraft:stone_pickaxe":2,"minecraft:chest":2,"sophisticatedbackpacks:iron_backpack":1,"minecraft:cooked_beef":9,"sophisticatedbackpacks:backpack":2,"minecraft:crafting_table":3,"minecraft:wooden_pickaxe":1,"sophisticatedbackpacks:gold_backpack":1,"minecraft:birch_planks":24,"minecraft:stone_axe":1,"minecraft:air":0,"biomesoplenty:fir_planks":4,"minecraft:stick":14,"minecraft:iron_ingot":3,"minecraft:iron_pickaxe":1,"minecraft:stone_sword":1,"minecraft:gold_ingot":3,"minecraft:white_bed":1}},"DataVersion":3120}