{"stats":{"minecraft:used":{"minecraft:stone_sword":119,"minecraft:rotten_flesh":2,"minecraft:dirt":65,"minecraft:mutton":6,"minecraft:carrot":1,"minecraft:bow":2,"minecraft:furnace":1,"minecraft:cooked_beef":10,"minecraft:pumpkin":3,"minecraft:cooked_mutton":2,"minecraft:stone_pickaxe":139,"minecraft:wooden_pickaxe":59,"biomesoplenty:fir_planks":4,"minecraft:crafting_table":8,"minecraft:white_bed":4,"waystones:waystone":3,"minecraft:dark_oak_log":1,"minecraft:suspicious_stew":1,"minecraft:iron_pickaxe":3,"minecraft:stone_axe":26,"minecraft:cobblestone":4,"alexsmobs:animal_dictionary":3,"twigs:pebble":1},"minecraft:custom":{"minecraft:interact_with_smithing_table":1,"lootr:looted_stat":17,"minecraft:mob_kills":34,"minecraft:interact_with_crafting_table":26,"minecraft:open_barrel":2,"minecraft:leave_game":1,"minecraft:time_since_death":75093,"minecraft:climb_one_cm":1579,"minecraft:sprint_one_cm":233505,"minecraft:walk_one_cm":183093,"minecraft:drop":31,"minecraft:play_time":75093,"minecraft:sneak_time":634,"minecraft:walk_under_water_one_cm":1383,"minecraft:jump":1724,"minecraft:walk_on_water_one_cm":2417,"minecraft:total_world_time":75093,"minecraft:interact_with_furnace":7,"minecraft:sleep_in_bed":6,"minecraft:time_since_rest":12640,"minecraft:waystone_activated":3,"minecraft:damage_taken":603,"minecraft:damage_dealt":4919,"minecraft:swim_one_cm":20587,"minecraft:fly_one_cm":332988,"minecraft:open_chest":3,"minecraft:crouch_one_cm":1519,"minecraft:fall_one_cm":43983},"minecraft:dropped":{"minecraft:cobblestone":28,"minecraft:chainmail_helmet":1,"minecraft:leather_helmet":1,"minecraft:cod":4,"twigs:pebble":1,"minecraft:cobweb":1,"minecraft:map":1,"gravestone:obituary":1,"minecraft:paper":2,"minecraft:dark_oak_planks":5,"minecraft:iron_nugget":2,"minecraft:bowl":2,"minecraft:beetroot":10,"minecraft:rotten_flesh":23,"sophisticatedbackpacks:backpack":1,"minecraft:pumpkin_seeds":6,"minecraft:chainmail_chestplate":1,"minecraft:chiseled_stone_bricks":1,"minecraft:poppy":1,"minecraft:leather_chestplate":1,"minecraft:beetroot_seeds":10,"minecraft:melon_seeds":6,"minecraft:leather_boots":4,"minecraft:oak_sapling":1,"minecraft:golden_sword":1,"minecraft:spruce_log":3,"minecraft:stone_pickaxe":1,"minecraft:stone_brick_stairs":1},"minecraft:mined":{"minecraft:white_bed":3,"minecraft:mossy_cobblestone":32,"minecraft:dark_oak_log":1,"biomesoplenty:dead_leaves":24,"biomesoplenty:bush":2,"minecraft:grass_block":194,"minecraft:spruce_leaves":247,"minecraft:hay_block":2,"minecraft:furnace":1,"minecraft:iron_ore":13,"minecraft:diamond_block":1,"minecraft:pumpkin":3,"biomesoplenty:barley":12,"minecraft:azalea":1,"minecraft:stone":83,"minecraft:podzol":86,"minecraft:smithing_table":1,"twigs:pebble":1,"minecraft:flowering_azalea":1,"minecraft:powder_snow":25,"minecraft:crafting_table":6,"minecraft:copper_ore":17,"minecraft:tall_grass":5,"biomesoplenty:goldenrod":7,"minecraft:skeleton_skull":4,"minecraft:birch_log":6,"minecraft:wheat":111,"minecraft:spruce_log":21,"minecraft:birch_leaves":2,"biomesoplenty:fir_log":10,"minecraft:red_wall_banner":1,"minecraft:grass":29,"biomesoplenty:dead_log":9,"minecraft:coal_ore":38,"minecraft:oak_log":6,"biomesoplenty:fir_leaves":48,"minecraft:gravel":1,"minecraft:dirt":195,"biomesoplenty:stringy_cobweb":1,"minecraft:cobweb":9,"minecraft:chipped_anvil":1,"minecraft:oak_leaves":6,"minecraft:emerald_block":1,"minecraft:fern":9},"minecraft:killed":{"alexsmobs:seagull":1,"minecraft:horse":6,"minecraft:skeleton":4,"minecraft:pig":1,"minecraft:zombie_villager":1,"minecraft:sheep":8,"minecraft:zombie":5,"alexsmobs:crow":1,"minecraft:cow":8},"minecraft:broken":{"minecraft:wooden_pickaxe":1,"minecraft:stone_pickaxe":1},"minecraft:picked_up":{"minecraft:crafting_table":6,"minecraft:wheat":110,"minecraft:smithing_table":1,"minecraft:stone_brick_stairs":1,"gravestone:obituary":1,"minecraft:string":7,"minecraft:raw_copper":58,"biomesoplenty:dead_sapling":1,"minecraft:spruce_planks":33,"twigs:pebble":2,"minecraft:beef":24,"minecraft:azalea":1,"minecraft:poppy":1,"minecraft:birch_sapling":2,"minecraft:iron_boots":1,"minecraft:furnace":1,"minecraft:raw_iron":13,"minecraft:stick":18,"minecraft:spruce_stairs":2,"minecraft:porkchop":1,"minecraft:dark_oak_planks":5,"minecraft:arrow":2,"minecraft:rotten_flesh":9,"minecraft:hay_block":2,"minecraft:mutton":15,"minecraft:cobblestone":82,"minecraft:skeleton_skull":5,"minecraft:white_wool":9,"minecraft:birch_log":6,"minecraft:leather_chestplate":1,"minecraft:feather":3,"minecraft:cooked_beef":1,"biomesoplenty:goldenrod":6,"minecraft:leather":14,"biomesoplenty:dead_log":9,"biomesoplenty:fir_sapling":1,"biomesoplenty:fir_log":10,"minecraft:oak_log":6,"minecraft:chainmail_chestplate":1,"minecraft:dirt":495,"minecraft:cooked_mutton":2,"minecraft:leather_boots":2,"minecraft:chipped_anvil":1,"minecraft:bow":1,"minecraft:wheat_seeds":310,"twigs:twig":26,"minecraft:flowering_azalea":1,"minecraft:emerald_block":1,"minecraft:pumpkin":3,"minecraft:chiseled_stone_bricks":1,"minecraft:gravel":5,"minecraft:red_banner":1,"minecraft:spruce_sapling":22,"minecraft:white_bed":3,"minecraft:spruce_log":38,"minecraft:mossy_cobblestone":9,"minecraft:dark_oak_log":1,"minecraft:leather_helmet":1,"waystones:waystone":5,"minecraft:golden_apple":1,"minecraft:oak_sapling":1,"minecraft:coal":51},"minecraft:crafted":{"minecraft:oak_planks":24,"minecraft:furnace":1,"minecraft:stone_pickaxe":3,"minecraft:chest":2,"sophisticatedbackpacks:iron_backpack":1,"minecraft:cooked_beef":9,"sophisticatedbackpacks:backpack":2,"minecraft:crafting_table":3,"minecraft:wooden_pickaxe":1,"sophisticatedbackpacks:gold_backpack":1,"minecraft:birch_planks":24,"minecraft:stone_axe":1,"minecraft:air":0,"biomesoplenty:fir_planks":4,"minecraft:stick":14,"minecraft:iron_ingot":3,"minecraft:iron_pickaxe":1,"minecraft:stone_sword":1,"minecraft:gold_ingot":3,"minecraft:white_bed":1}},"DataVersion":3120}