{"stats":{"minecraft:mined":{"minecraft:oak_leaves":2},"minecraft:picked_up":{"minecraft:oak_sapling":1},"minecraft:custom":{"minecraft:jump":50,"minecraft:time_since_rest":14609,"enigmaticlegacy:play_time_with_seven_curses":1808,"minecraft:leave_game":2,"minecraft:sprint_one_cm":4403,"minecraft:play_time":14609,"minecraft:time_since_death":14609,"minecraft:walk_one_cm":2400,"minecraft:climb_one_cm":2502,"enigmaticlegacy:play_time_without_seven_curses":12801,"minecraft:total_world_time":14609,"minecraft:fall_one_cm":1404,"minecraft:fly_one_cm":5006}},"DataVersion":3120}