{"stats":{"minecraft:mined":{"minecraft:jungle_leaves":1,"minecraft:crafting_table":1,"minecraft:grass":5,"minecraft:vine":1,"minecraft:melon":5,"minecraft:cocoa":3,"minecraft:jungle_log":4,"minecraft:dirt":6,"minecraft:stone":11,"minecraft:sugar_cane":2,"minecraft:oak_leaves":2,"minecraft:fern":2},"minecraft:crafted":{"minecraft:wooden_sword":1,"minecraft:crafting_table":1,"minecraft:stick":4,"minecraft:wooden_pickaxe":1,"minecraft:jungle_planks":16},"minecraft:killed_by":{"enemyexpansion:huntsman":1,"iter_rpg:scallop":1,"minecraft:phantom":1},"minecraft:picked_up":{"minecraft:cocoa_beans":9,"minecraft:crafting_table":1,"minecraft:jungle_log":4,"minecraft:dirt":6,"minecraft:oak_sapling":1,"minecraft:melon_slice":28,"minecraft:sugar_cane":3,"minecraft:cobblestone":10},"minecraft:custom":{"minecraft:time_since_rest":3417,"enigmaticlegacy:play_time_with_seven_curses":16588,"minecraft:sprint_one_cm":28775,"minecraft:damage_taken":993,"minecraft:walk_one_cm":13175,"minecraft:damage_dealt":191,"enigmaticlegacy:play_time_without_seven_curses":12801,"minecraft:interact_with_crafting_table":1,"minecraft:fly_one_cm":67690,"minecraft:crouch_one_cm":705,"minecraft:play_time":29473,"minecraft:deaths":3,"minecraft:sneak_time":283,"minecraft:damage_dealt_resisted":0,"minecraft:jump":367,"minecraft:leave_game":3,"minecraft:time_since_death":3393,"minecraft:walk_on_water_one_cm":379,"minecraft:total_world_time":29473,"minecraft:climb_one_cm":13548,"minecraft:fall_one_cm":12017},"minecraft:used":{"minecraft:wooden_pickaxe":17,"minecraft:wooden_sword":10,"minecraft:crafting_table":1}},"DataVersion":3120}