{"stats":{"minecraft:used":{"minecraft:cooked_mutton":2,"minecraft:stone_sword":66,"minecraft:stone_pickaxe":15,"minecraft:wooden_pickaxe":59,"minecraft:rotten_flesh":2,"minecraft:dirt":1,"minecraft:mutton":6,"minecraft:crafting_table":5,"minecraft:carrot":1,"minecraft:white_bed":1,"waystones:waystone":1,"minecraft:suspicious_stew":1,"minecraft:furnace":1,"alexsmobs:animal_dictionary":3},"minecraft:custom":{"lootr:looted_stat":2,"minecraft:interact_with_furnace":4,"minecraft:mob_kills":23,"minecraft:interact_with_crafting_table":11,"minecraft:leave_game":1,"minecraft:time_since_death":33093,"minecraft:sleep_in_bed":2,"minecraft:climb_one_cm":1258,"minecraft:time_since_rest":56,"minecraft:waystone_activated":1,"minecraft:sprint_one_cm":96914,"minecraft:damage_taken":180,"minecraft:walk_one_cm":88803,"minecraft:drop":3,"minecraft:damage_dealt":3123,"minecraft:fly_one_cm":133370,"minecraft:crouch_one_cm":345,"minecraft:play_time":33093,"minecraft:sneak_time":72,"minecraft:walk_under_water_one_cm":690,"minecraft:jump":734,"minecraft:walk_on_water_one_cm":829,"minecraft:total_world_time":33093,"minecraft:fall_one_cm":14135},"minecraft:dropped":{"minecraft:cobblestone":28,"gravestone:obituary":1,"minecraft:stone_pickaxe":1},"minecraft:mined":{"twigs:pebble":1,"minecraft:crafting_table":2,"biomesoplenty:bush":1,"minecraft:grass_block":1,"minecraft:tall_grass":3,"biomesoplenty:goldenrod":7,"minecraft:birch_log":6,"minecraft:birch_leaves":2,"minecraft:grass":18,"minecraft:oak_log":6,"minecraft:coal_ore":10,"minecraft:cobweb":5,"biomesoplenty:barley":12,"minecraft:stone":62,"minecraft:oak_leaves":4},"minecraft:killed":{"minecraft:pig":1,"minecraft:zombie_villager":1,"alexsmobs:seagull":1,"minecraft:sheep":6,"minecraft:horse":6,"minecraft:cow":8},"minecraft:broken":{"minecraft:wooden_pickaxe":1},"minecraft:picked_up":{"minecraft:birch_log":6,"minecraft:crafting_table":2,"minecraft:feather":2,"biomesoplenty:goldenrod":6,"minecraft:leather":14,"minecraft:oak_log":6,"gravestone:obituary":1,"minecraft:dirt":21,"minecraft:string":4,"minecraft:cooked_mutton":2,"minecraft:wheat_seeds":3,"twigs:pebble":1,"minecraft:beef":17,"twigs:twig":1,"minecraft:birch_sapling":2,"minecraft:porkchop":1,"minecraft:rotten_flesh":2,"waystones:waystone":2,"minecraft:oak_sapling":1,"minecraft:mutton":11,"minecraft:coal":10,"minecraft:white_wool":7,"minecraft:cobblestone":62},"minecraft:crafted":{"minecraft:cooked_beef":2,"minecraft:oak_planks":24,"sophisticatedbackpacks:backpack":1,"minecraft:crafting_table":3,"minecraft:wooden_pickaxe":1,"minecraft:furnace":1,"minecraft:birch_planks":24,"minecraft:air":0,"minecraft:stick":10,"minecraft:stone_pickaxe":2,"minecraft:stone_sword":1,"minecraft:chest":1,"minecraft:white_bed":1}},"DataVersion":3120}