{"stats":{"minecraft:used":{"mcwlights:wall_lantern":5,"minecraft:chest":7,"minecraft:iron_sword":11,"minecraft:rotten_flesh":2,"minecraft:mutton":6,"mcwdoors:dark_oak_cottage_door":2,"minecraft:carrot":1,"minecraft:glass":1,"chipped:cobblestone_bricks":8,"mcwwindows:stripped_spruce_log_four_window":5,"minecraft:bow":2,"minecraft:furnace":3,"minecraft:dark_oak_stairs":4,"minecraft:stone_pickaxe":532,"minecraft:wooden_pickaxe":59,"biomesoplenty:fir_planks":4,"chipped:simple_cobblestone_pillar":3,"minecraft:diamond_axe":359,"another_furniture:oak_chair":2,"minecraft:dark_oak_trapdoor":4,"biomesoplenty:rose":1,"waystones:waystone":5,"mcwwindows:spruce_plank_four_window":11,"minecraft:dark_oak_log":9,"minecraft:bread":31,"minecraft:diamond_sword":32,"chipped:rounded_cobblestone_bricks":3,"chipped:offset_cobblestone_bricks":67,"minecraft:stone_sword":119,"minecraft:spruce_planks":16,"minecraft:dirt":320,"chiselsandbits:chiseledrock":7,"minecraft:spruce_stairs":51,"minecraft:cooked_beef":10,"minecraft:pumpkin":3,"minecraft:cooked_mutton":2,"minecraft:birch_planks":2,"minecraft:spruce_sign":1,"minecraft:mossy_cobblestone":2,"minecraft:crafting_table":8,"chipped:mason_table":1,"minecraft:white_bed":4,"minecraft:warped_planks":1,"minecraft:spruce_log":64,"minecraft:suspicious_stew":1,"minecraft:iron_pickaxe":231,"minecraft:spruce_trapdoor":20,"minecraft:stone_axe":31,"twigs:bronzed_seashell":4,"minecraft:cobblestone":16,"minecraft:glass_pane":1,"alexsmobs:animal_dictionary":3,"twigs:pebble":2,"minecraft:dandelion":1},"minecraft:custom":{"lootr:looted_stat":43,"minecraft:interact_with_crafting_table":83,"minecraft:open_barrel":4,"minecraft:leave_game":4,"minecraft:time_since_death":1900,"minecraft:sprint_one_cm":446906,"minecraft:drop":57,"minecraft:play_time":192802,"minecraft:deaths":2,"minecraft:jump":3623,"minecraft:walk_on_water_one_cm":10143,"minecraft:interact_with_furnace":34,"minecraft:sleep_in_bed":20,"minecraft:waystone_activated":5,"minecraft:damage_dealt":7541,"minecraft:crouch_one_cm":6654,"minecraft:inspect_dispenser":1,"minecraft:interact_with_smithing_table":1,"minecraft:mob_kills":45,"minecraft:climb_one_cm":6059,"minecraft:walk_one_cm":458011,"minecraft:sneak_time":4476,"minecraft:walk_under_water_one_cm":18758,"minecraft:boat_one_cm":14380,"minecraft:total_world_time":192802,"minecraft:time_since_rest":1089,"minecraft:damage_taken":2148,"minecraft:swim_one_cm":46167,"minecraft:fly_one_cm":689180,"minecraft:open_chest":84,"minecraft:fall_one_cm":100971},"minecraft:dropped":{"minecraft:diamond_axe":1,"minecraft:leather_helmet":1,"minecraft:cod":4,"twigs:pebble":1,"minecraft:dirt":64,"mcwwindows:stripped_spruce_log_four_window":4,"mcwwindows:window_base":32,"gravestone:obituary":4,"minecraft:iron_pickaxe":1,"minecraft:dark_oak_planks":7,"chiselsandbits:block_bit":1,"minecraft:gold_ingot":16,"minecraft:gravel":1,"minecraft:iron_nugget":2,"minecraft:beetroot":10,"minecraft:rotten_flesh":23,"minecraft:chainmail_chestplate":2,"minecraft:chiseled_stone_bricks":1,"minecraft:poppy":1,"minecraft:leather_chestplate":1,"chipped:offset_cobblestone_bricks":23,"minecraft:beetroot_seeds":10,"minecraft:melon_seeds":6,"minecraft:leather_boots":4,"minecraft:stone_brick_stairs":1,"minecraft:iron_ingot":8,"minecraft:cobblestone":28,"minecraft:chainmail_helmet":1,"minecraft:cobweb":1,"mcwwindows:spruce_four_window":1,"minecraft:map":1,"minecraft:paper":2,"minecraft:stone_sword":1,"minecraft:bowl":2,"sophisticatedbackpacks:backpack":1,"minecraft:pumpkin_seeds":6,"minecraft:diamond_sword":1,"minecraft:oak_sapling":1,"minecraft:golden_sword":1,"mcwwindows:window_centre_bar_base":4,"minecraft:spruce_log":22,"minecraft:stone_pickaxe":1,"waystones:waystone":1,"mcwwindows:hammer":1},"minecraft:mined":{"minecraft:dark_oak_planks":1,"minecraft:stripped_warped_stem":75,"minecraft:spruce_planks":8,"minecraft:white_bed":3,"minecraft:warped_stairs":64,"minecraft:spruce_trapdoor":6,"biomesoplenty:dead_leaves":24,"minecraft:grass_block":261,"another_furniture:oak_table":1,"minecraft:dark_oak_trapdoor":3,"minecraft:iron_ore":23,"minecraft:pumpkin":3,"minecraft:dark_oak_stairs":1,"mcwwindows:stripped_spruce_log_four_window":1,"minecraft:azalea":1,"minecraft:soul_lantern":2,"minecraft:powder_snow":25,"minecraft:clay":3,"minecraft:chest":7,"minecraft:glass":1,"minecraft:cobblestone":12,"chipped:rounded_cobblestone_bricks":3,"biomesoplenty:goldenrod":7,"minecraft:skeleton_skull":4,"minecraft:warped_planks":137,"minecraft:birch_log":6,"minecraft:wheat":111,"chipped:simple_cobblestone_pillar":3,"biomesoplenty:maple_leaves":3,"biomesoplenty:fir_log":10,"minecraft:grass":31,"biomesoplenty:clover":1,"biomesoplenty:dead_log":9,"minecraft:oak_log":6,"minecraft:sand":192,"minecraft:dirt":331,"minecraft:oak_leaves":6,"minecraft:emerald_block":1,"mcwdoors:dark_oak_cottage_door":1,"minecraft:dark_prismarine":75,"minecraft:mossy_cobblestone":63,"minecraft:dark_oak_log":9,"gravestone:gravestone":2,"biomesoplenty:bush":2,"minecraft:spruce_leaves":247,"another_furniture:oak_chair":4,"minecraft:hay_block":8,"chipped:offset_cobblestone_bricks":46,"minecraft:furnace":1,"biomesoplenty:rose":1,"minecraft:stripped_spruce_log":1,"minecraft:diamond_block":1,"twigs:bronzed_seashell":2,"biomesoplenty:mahogany_leaves":64,"minecraft:lantern":3,"biomesoplenty:barley":12,"minecraft:bamboo":1,"minecraft:stone":468,"minecraft:podzol":86,"minecraft:smithing_table":1,"chipped:cobblestone_bricks":8,"twigs:pebble":3,"minecraft:flowering_azalea":1,"minecraft:glass_pane":1,"minecraft:dandelion":1,"minecraft:crafting_table":6,"biomesoplenty:fir_planks":1,"minecraft:tall_grass":5,"minecraft:copper_ore":17,"biomesoplenty:huge_clover_petal":1,"minecraft:spruce_stairs":14,"biomesoplenty:white_cherry_leaves":66,"twigs:tangerine_seashell":1,"minecraft:spruce_log":51,"minecraft:birch_leaves":2,"minecraft:red_wall_banner":1,"minecraft:coal_ore":62,"minecraft:cocoa":2,"biomesoplenty:fir_leaves":48,"biomesoplenty:redwood_leaves":64,"minecraft:gravel":1,"biomesoplenty:stringy_cobweb":1,"minecraft:cobweb":10,"minecraft:chipped_anvil":1,"mcwlights:wall_lantern":3,"minecraft:fern":11,"mcwwindows:spruce_plank_four_window":3},"minecraft:killed":{"minecraft:witch":1,"minecraft:spider":1,"minecraft:skeleton":4,"minecraft:pig":1,"minecraft:zombie_villager":1,"minecraft:sheep":8,"minecraft:pillager":1,"minecraft:zombie":8,"alexsmobs:fly":1,"minecraft:cow":8,"minecraft:evoker":1,"alexsmobs:seagull":1,"minecraft:horse":6,"alexsmobs:crocodile":1,"alexsmobs:crow":1,"alexsmobs:bunfungus":1},"minecraft:broken":{"minecraft:iron_boots":1,"minecraft:stone_pickaxe":4,"minecraft:wooden_pickaxe":1},"minecraft:picked_up":{"minecraft:wheat":110,"minecraft:smithing_table":1,"minecraft:stone_brick_stairs":1,"another_furniture:oak_table":1,"minecraft:warped_stairs":64,"minecraft:dark_oak_trapdoor":3,"minecraft:string":9,"minecraft:raw_copper":58,"mcwdoors:dark_oak_cottage_door":1,"biomesoplenty:dead_sapling":1,"twigs:pebble":28,"biomesoplenty:fir_planks":3,"chipped:simple_cobblestone_pillar":3,"minecraft:spruce_planks":41,"mcwlights:wall_lantern":3,"minecraft:azalea":1,"minecraft:iron_pickaxe":1,"mcwwindows:window_base":32,"minecraft:iron_boots":1,"minecraft:furnace":2,"minecraft:stick":18,"minecraft:spruce_stairs":16,"twigs:bamboo_leaves":1,"minecraft:porkchop":1,"minecraft:diorite":4,"minecraft:warped_planks":137,"chipped:offset_cobblestone_bricks":75,"minecraft:warped_door":2,"minecraft:green_banner":3,"chipped:rounded_cobblestone_bricks":3,"minecraft:rotten_flesh":11,"biomesoplenty:mahogany_sapling":8,"minecraft:snowball":13,"minecraft:cobblestone":418,"minecraft:birch_log":6,"minecraft:leather_chestplate":2,"minecraft:feather":3,"minecraft:cooked_beef":1,"biomesoplenty:dead_log":9,"biomesoplenty:fir_sapling":1,"biomesoplenty:fir_log":10,"minecraft:dirt":761,"minecraft:lantern":4,"minecraft:leather_boots":2,"minecraft:chipped_anvil":1,"minecraft:bone":1,"minecraft:bow":1,"minecraft:wheat_seeds":311,"minecraft:bamboo":1,"twigs:twig":36,"minecraft:oak_planks":1,"minecraft:sand":256,"biomesoplenty:white_cherry_sapling":3,"minecraft:stripped_spruce_log":1,"minecraft:dark_oak_log":54,"minecraft:mossy_cobblestone":42,"minecraft:dark_prismarine":29,"minecraft:polished_andesite":4,"mcwwindows:stripped_spruce_log_four_window":1,"minecraft:soul_lantern":2,"waystones:waystone":6,"minecraft:golden_apple":1,"minecraft:spruce_sign":1,"minecraft:chainmail_helmet":1,"alexsmobs:maggot":1,"minecraft:oak_sapling":1,"minecraft:crafting_table":6,"minecraft:cocoa_beans":4,"minecraft:clay_ball":12,"another_furniture:oak_chair":4,"gravestone:obituary":3,"minecraft:white_carpet":1,"minecraft:stripped_warped_stem":75,"minecraft:beef":24,"minecraft:poppy":1,"minecraft:chest":7,"minecraft:birch_sapling":2,"minecraft:spruce_trapdoor":6,"minecraft:raw_iron":23,"minecraft:dark_oak_planks":56,"minecraft:arrow":2,"minecraft:hay_block":8,"biomesoplenty:rose":1,"minecraft:totem_of_undying":1,"minecraft:gold_ingot":8,"chipped:cobblestone_bricks":8,"biomesoplenty:redwood_sapling":3,"minecraft:mutton":15,"minecraft:white_wool":9,"minecraft:skeleton_skull":5,"mcwwindows:window_centre_bar_base":12,"biomesoplenty:goldenrod":6,"minecraft:leather":14,"minecraft:filled_map":1,"minecraft:birch_planks":2,"minecraft:oak_log":6,"minecraft:chainmail_chestplate":2,"minecraft:white_banner":1,"mcwwindows:spruce_four_window":9,"minecraft:cooked_mutton":2,"mcwwindows:hammer":1,"minecraft:iron_ingot":34,"minecraft:flowering_azalea":1,"chiselsandbits:chiseledrock":9,"minecraft:emerald_block":1,"minecraft:pumpkin":3,"minecraft:chiseled_stone_bricks":1,"minecraft:dandelion":1,"minecraft:gravel":13,"twigs:bronzed_seashell":3,"minecraft:red_banner":1,"minecraft:spruce_sapling":22,"minecraft:white_bed":3,"minecraft:spruce_log":69,"minecraft:leather_helmet":1,"mcwwindows:spruce_plank_four_window":35,"minecraft:diamond_axe":1,"minecraft:coal":114},"minecraft:killed_by":{"minecraft:creeper":1,"minecraft:vex":1},"minecraft:crafted":{"minecraft:brick":8,"minecraft:oak_planks":24,"mcwwindows:stripped_spruce_log_four_window":8,"mcwlights:wall_lantern":3,"minecraft:stone":29,"minecraft:glass":30,"chipped:offset_cobblestone_bricks":2,"minecraft:chest":2,"chipped:mason_table":1,"chiselsandbits:chisel_stone":1,"sophisticatedbackpacks:backpack":2,"minecraft:crafting_table":4,"minecraft:spruce_planks":172,"minecraft:wooden_pickaxe":1,"minecraft:spruce_door":3,"minecraft:birch_planks":24,"biomesoplenty:fir_planks":4,"minecraft:spruce_trapdoor":14,"minecraft:stick":26,"minecraft:iron_ingot":5,"minecraft:iron_pickaxe":1,"minecraft:stone_sword":1,"minecraft:gold_ingot":3,"minecraft:iron_nugget":18,"minecraft:furnace":2,"mcwdoors:dark_oak_cottage_door":1,"minecraft:dark_oak_trapdoor":4,"minecraft:spruce_fence":3,"minecraft:glass_pane":16,"minecraft:lantern":2,"minecraft:spruce_stairs":40,"minecraft:polished_diorite":4,"mcwdoors:print_spruce":4,"minecraft:stone_pickaxe":5,"minecraft:dark_oak_planks":24,"minecraft:wheat":54,"sophisticatedbackpacks:iron_backpack":1,"minecraft:cooked_beef":9,"minecraft:dark_oak_stairs":4,"sophisticatedbackpacks:gold_backpack":1,"minecraft:stone_axe":1,"minecraft:bread":18,"minecraft:air":0,"chipped:cobblestone_bricks":1,"minecraft:white_bed":1,"minecraft:torch":16}},"DataVersion":3120}