{"stats":{"minecraft:used":{"minecraft:cooked_mutton":12,"minecraft:snow_block":1,"minecraft:stone_pickaxe":118,"minecraft:oak_planks":13,"minecraft:chest":2,"minecraft:torch":2,"minecraft:mossy_cobblestone":1,"minecraft:dirt":3,"biomesoplenty:goldenrod":1,"minecraft:crafting_table":10,"minecraft:carrot":5,"minecraft:spruce_stairs":3,"minecraft:white_bed":4,"minecraft:wooden_axe":232,"minecraft:black_wool":1,"minecraft:iron_pickaxe":4,"minecraft:spruce_trapdoor":1,"minecraft:lilac":1,"minecraft:stone_axe":218,"twigs:bronzed_seashell":5,"minecraft:cobblestone":2,"minecraft:furnace":2,"alexsmobs:animal_dictionary":7,"biomesoplenty:fir_log":7,"twigs:pebble":2,"minecraft:gray_wool":1},"minecraft:custom":{"minecraft:interact_with_furnace":42,"lootr:looted_stat":13,"minecraft:mob_kills":26,"minecraft:interact_with_crafting_table":27,"minecraft:open_barrel":5,"minecraft:time_since_death":62137,"minecraft:sleep_in_bed":4,"minecraft:climb_one_cm":492,"minecraft:time_since_rest":6640,"minecraft:sprint_one_cm":193064,"minecraft:damage_taken":638,"minecraft:walk_one_cm":210888,"minecraft:drop":23,"minecraft:damage_dealt":2841,"minecraft:talked_to_villager":1,"minecraft:swim_one_cm":15277,"minecraft:fly_one_cm":307005,"minecraft:open_chest":7,"minecraft:crouch_one_cm":5735,"minecraft:play_time":62137,"minecraft:sneak_time":1666,"minecraft:walk_under_water_one_cm":1908,"minecraft:jump":1512,"minecraft:walk_on_water_one_cm":3577,"minecraft:total_world_time":62137,"minecraft:fall_one_cm":42751},"minecraft:dropped":{"biomesoplenty:toadstool":2,"minecraft:wheat_seeds":1,"minecraft:cobblestone":1,"minecraft:cooked_mutton":2,"minecraft:spruce_stairs":4,"minecraft:chainmail_helmet":1,"minecraft:stick":14,"minecraft:chainmail_chestplate":1,"twigs:pebble":1,"minecraft:chiseled_stone_bricks":1,"minecraft:spruce_planks":193,"twigs:bronzed_seashell":1,"minecraft:leather_boots":1,"minecraft:spruce_log":30,"minecraft:chainmail_leggings":1,"biomesoplenty:fir_log":23},"minecraft:mined":{"minecraft:dark_oak_planks":13,"minecraft:spruce_planks":3,"twigs:pebble":3,"minecraft:white_bed":4,"biomesoplenty:glowworm_silk":1,"minecraft:crafting_table":6,"minecraft:spruce_trapdoor":1,"minecraft:grass_block":2,"biomesoplenty:flowering_oak_leaves":1,"minecraft:tall_grass":3,"minecraft:spruce_stairs":5,"minecraft:red_candle":5,"minecraft:furnace":1,"biomesoplenty:glowworm_silk_strand":1,"biomesoplenty:toadstool":1,"minecraft:birch_log":11,"minecraft:iron_ore":18,"minecraft:lilac":1,"minecraft:spruce_log":279,"minecraft:birch_leaves":1,"minecraft:pumpkin":4,"biomesoplenty:fir_log":57,"twigs:bronzed_seashell":2,"minecraft:dark_oak_stairs":2,"minecraft:grass":6,"biomesoplenty:fir_leaves":26,"minecraft:coal_ore":44,"minecraft:oak_log":8,"minecraft:vine":1,"minecraft:dirt":1,"biomesoplenty:barley":1,"minecraft:stone":35,"twigs:opaline_seashell":1,"minecraft:oak_leaves":1},"minecraft:killed":{"minecraft:pig":3,"minecraft:spider":2,"alexsmobs:seagull":1,"minecraft:skeleton":1,"minecraft:sheep":11,"minecraft:horse":1,"minecraft:zombie":1,"minecraft:cow":3},"minecraft:broken":{"minecraft:stone_pickaxe":1,"minecraft:stone_axe":2,"minecraft:wooden_axe":3},"minecraft:picked_up":{"minecraft:birch_log":11,"minecraft:crafting_table":6,"minecraft:feather":2,"minecraft:lilac":1,"minecraft:iron_trapdoor":6,"biomesoplenty:goldenrod":1,"minecraft:leather":5,"biomesoplenty:fir_log":76,"minecraft:oak_log":8,"minecraft:chainmail_chestplate":1,"minecraft:dirt":3,"minecraft:string":4,"minecraft:red_candle":13,"minecraft:leather_boots":1,"minecraft:wheat_seeds":6,"minecraft:spruce_planks":164,"twigs:pebble":4,"minecraft:beef":4,"minecraft:stone_pickaxe":1,"minecraft:spruce_trapdoor":1,"minecraft:dark_oak_stairs":2,"minecraft:furnace":1,"biomesoplenty:toadstool":2,"minecraft:raw_iron":17,"minecraft:chiseled_stone_bricks":1,"minecraft:spruce_stairs":7,"minecraft:porkchop":4,"twigs:bronzed_seashell":3,"minecraft:spruce_sapling":1,"minecraft:white_bed":4,"minecraft:spruce_log":308,"minecraft:mossy_cobblestone":1,"minecraft:dark_oak_planks":18,"minecraft:arrow":3,"minecraft:rotten_flesh":2,"waystones:waystone":1,"minecraft:hay_block":2,"minecraft:gray_wool":1,"minecraft:chainmail_helmet":1,"minecraft:black_wool":1,"minecraft:mutton":18,"minecraft:coal":44,"minecraft:white_wool":9,"minecraft:cobblestone":38},"minecraft:crafted":{"minecraft:oak_planks":32,"sophisticatedbackpacks:backpack":1,"minecraft:crafting_table":5,"minecraft:spruce_planks":68,"minecraft:iron_helmet":1,"minecraft:furnace":1,"minecraft:stone_axe":2,"minecraft:cooked_mutton":18,"minecraft:air":0,"biomesoplenty:fir_planks":48,"minecraft:iron_boots":1,"minecraft:iron_chestplate":1,"minecraft:wooden_axe":8,"minecraft:stick":20,"minecraft:iron_ingot":17,"minecraft:iron_pickaxe":2,"minecraft:chest":3,"minecraft:white_bed":1,"minecraft:torch":8}},"DataVersion":3120}