{"stats":{"minecraft:used":{"minecraft:cooked_mutton":3,"minecraft:stone_pickaxe":91,"minecraft:lilac":1,"minecraft:crafting_table":2,"minecraft:furnace":1,"alexsmobs:animal_dictionary":7,"twigs:pebble":2},"minecraft:custom":{"minecraft:time_since_rest":14137,"minecraft:interact_with_furnace":25,"minecraft:sprint_one_cm":36206,"minecraft:damage_taken":165,"minecraft:walk_one_cm":55032,"minecraft:mob_kills":5,"minecraft:drop":2,"minecraft:damage_dealt":400,"minecraft:interact_with_crafting_table":3,"minecraft:fly_one_cm":48694,"minecraft:crouch_one_cm":1280,"minecraft:play_time":14137,"minecraft:sneak_time":494,"minecraft:jump":316,"minecraft:time_since_death":14137,"minecraft:total_world_time":14137,"minecraft:fall_one_cm":6690},"minecraft:dropped":{"minecraft:cooked_mutton":2},"minecraft:mined":{"twigs:pebble":2,"minecraft:furnace":1,"minecraft:iron_ore":18,"minecraft:birch_log":11,"minecraft:lilac":1,"minecraft:birch_leaves":1,"minecraft:crafting_table":1,"minecraft:grass":1,"minecraft:oak_log":8,"minecraft:coal_ore":21,"biomesoplenty:flowering_oak_leaves":1,"minecraft:tall_grass":3,"biomesoplenty:barley":1,"minecraft:stone":30,"minecraft:oak_leaves":1},"minecraft:killed":{"minecraft:sheep":5},"minecraft:picked_up":{"minecraft:birch_log":11,"minecraft:crafting_table":1,"minecraft:raw_iron":17,"minecraft:lilac":1,"minecraft:oak_log":8,"waystones:waystone":1,"twigs:pebble":2,"minecraft:stone_pickaxe":1,"minecraft:gray_wool":1,"minecraft:black_wool":1,"minecraft:mutton":9,"minecraft:coal":21,"minecraft:white_wool":3,"minecraft:cobblestone":30,"minecraft:furnace":1},"minecraft:crafted":{"minecraft:oak_planks":32,"minecraft:iron_chestplate":1,"minecraft:iron_boots":1,"minecraft:crafting_table":1,"minecraft:iron_ingot":17,"minecraft:furnace":1,"minecraft:cooked_mutton":9,"minecraft:air":0}},"DataVersion":3120}