{"stats":{"minecraft:used":{"minecraft:cooked_mutton":10,"minecraft:stone_pickaxe":118,"minecraft:oak_planks":13,"minecraft:torch":1,"minecraft:mossy_cobblestone":1,"minecraft:dirt":3,"biomesoplenty:goldenrod":1,"minecraft:crafting_table":8,"minecraft:carrot":5,"minecraft:spruce_stairs":3,"minecraft:white_bed":3,"minecraft:black_wool":1,"minecraft:spruce_trapdoor":1,"minecraft:lilac":1,"minecraft:stone_axe":172,"twigs:bronzed_seashell":5,"minecraft:cobblestone":2,"minecraft:furnace":2,"alexsmobs:animal_dictionary":7,"biomesoplenty:fir_log":6,"twigs:pebble":2,"minecraft:gray_wool":1},"minecraft:custom":{"minecraft:interact_with_furnace":41,"lootr:looted_stat":10,"minecraft:mob_kills":26,"minecraft:interact_with_crafting_table":11,"minecraft:open_barrel":2,"minecraft:time_since_death":50137,"minecraft:sleep_in_bed":3,"minecraft:climb_one_cm":492,"minecraft:time_since_rest":8469,"minecraft:sprint_one_cm":161314,"minecraft:damage_taken":558,"minecraft:walk_one_cm":159451,"minecraft:drop":6,"minecraft:damage_dealt":2820,"minecraft:swim_one_cm":9165,"minecraft:fly_one_cm":270966,"minecraft:crouch_one_cm":5204,"minecraft:play_time":50137,"minecraft:sneak_time":1545,"minecraft:walk_under_water_one_cm":1908,"minecraft:jump":1249,"minecraft:walk_on_water_one_cm":1862,"minecraft:total_world_time":50137,"minecraft:fall_one_cm":35768},"minecraft:dropped":{"minecraft:cooked_mutton":2,"minecraft:chainmail_chestplate":1,"minecraft:chiseled_stone_bricks":1,"twigs:bronzed_seashell":1,"minecraft:leather_boots":1},"minecraft:mined":{"minecraft:dark_oak_planks":13,"minecraft:spruce_planks":3,"twigs:pebble":3,"minecraft:white_bed":3,"minecraft:crafting_table":6,"minecraft:spruce_trapdoor":1,"minecraft:grass_block":2,"biomesoplenty:flowering_oak_leaves":1,"minecraft:tall_grass":3,"minecraft:spruce_stairs":5,"minecraft:red_candle":5,"minecraft:furnace":1,"biomesoplenty:toadstool":1,"minecraft:birch_log":11,"minecraft:iron_ore":18,"minecraft:lilac":1,"minecraft:spruce_log":1,"minecraft:birch_leaves":1,"minecraft:pumpkin":4,"biomesoplenty:fir_log":57,"twigs:bronzed_seashell":2,"minecraft:dark_oak_stairs":2,"minecraft:grass":6,"biomesoplenty:fir_leaves":26,"minecraft:coal_ore":44,"minecraft:oak_log":8,"minecraft:vine":1,"minecraft:dirt":1,"biomesoplenty:barley":1,"minecraft:stone":34,"twigs:opaline_seashell":1,"minecraft:oak_leaves":1},"minecraft:killed":{"minecraft:pig":3,"minecraft:spider":2,"alexsmobs:seagull":1,"minecraft:skeleton":1,"minecraft:sheep":11,"minecraft:horse":1,"minecraft:zombie":1,"minecraft:cow":3},"minecraft:broken":{"minecraft:stone_pickaxe":1,"minecraft:stone_axe":1},"minecraft:picked_up":{"minecraft:birch_log":11,"minecraft:crafting_table":6,"minecraft:feather":2,"minecraft:lilac":1,"minecraft:iron_trapdoor":6,"biomesoplenty:goldenrod":1,"minecraft:leather":5,"biomesoplenty:fir_log":53,"minecraft:oak_log":8,"minecraft:chainmail_chestplate":1,"minecraft:dirt":3,"minecraft:string":4,"minecraft:red_candle":13,"minecraft:leather_boots":1,"minecraft:wheat_seeds":1,"minecraft:spruce_planks":3,"twigs:pebble":3,"minecraft:beef":4,"minecraft:stone_pickaxe":1,"minecraft:spruce_trapdoor":1,"minecraft:dark_oak_stairs":2,"minecraft:furnace":1,"biomesoplenty:toadstool":1,"minecraft:raw_iron":17,"minecraft:chiseled_stone_bricks":1,"minecraft:spruce_stairs":5,"minecraft:porkchop":4,"twigs:bronzed_seashell":3,"minecraft:white_bed":3,"minecraft:spruce_log":1,"minecraft:mossy_cobblestone":1,"minecraft:dark_oak_planks":18,"minecraft:arrow":3,"minecraft:rotten_flesh":2,"waystones:waystone":1,"minecraft:hay_block":2,"minecraft:gray_wool":1,"minecraft:chainmail_helmet":1,"minecraft:black_wool":1,"minecraft:mutton":18,"minecraft:coal":44,"minecraft:white_wool":9,"minecraft:cobblestone":36},"minecraft:crafted":{"minecraft:oak_planks":32,"sophisticatedbackpacks:backpack":1,"minecraft:crafting_table":3,"minecraft:spruce_planks":4,"minecraft:iron_helmet":1,"minecraft:furnace":1,"minecraft:stone_axe":2,"minecraft:cooked_mutton":18,"minecraft:air":0,"minecraft:iron_boots":1,"minecraft:iron_chestplate":1,"minecraft:stick":4,"minecraft:iron_ingot":17,"minecraft:chest":1,"minecraft:white_bed":1,"minecraft:torch":8}},"DataVersion":3120}