{"stats":{"minecraft:used":{"mcwwindows:stone_brick_gothic":2,"minecraft:chest":10,"minecraft:torch":8,"minecraft:dirt":536,"chiselsandbits:chiseledrock":1,"minecraft:spruce_stairs":3,"minecraft:carrot":5,"minecraft:wooden_axe":295,"minecraft:red_candle":1,"mcwwindows:spruce_four_window":7,"minecraft:furnace":2,"minecraft:cooked_mutton":15,"minecraft:snow_block":1,"minecraft:stone_pickaxe":118,"minecraft:oak_planks":13,"minecraft:diamond_axe":1,"another_furniture:oak_chair":6,"minecraft:golden_apple":1,"minecraft:mossy_cobblestone":1,"biomesoplenty:goldenrod":1,"another_furniture:oak_table":2,"minecraft:crafting_table":10,"chipped:mason_table":1,"minecraft:white_bed":7,"chipped:thick_inlayed_cobblestone":3,"chipped:cut_cobblestone_column":2,"minecraft:black_wool":1,"minecraft:apple":1,"mcwwindows:spruce_plank_four_window":11,"minecraft:bread":17,"minecraft:iron_pickaxe":267,"minecraft:spruce_trapdoor":1,"minecraft:lilac":1,"minecraft:stone_axe":218,"twigs:bronzed_seashell":10,"minecraft:diamond_sword":18,"minecraft:cobblestone":14,"chipped:offset_cobblestone_bricks":20,"alexsmobs:animal_dictionary":7,"twigs:pebble":2,"biomesoplenty:fir_log":8,"minecraft:gray_wool":1},"minecraft:custom":{"lootr:looted_stat":25,"minecraft:mob_kills":27,"minecraft:interact_with_crafting_table":64,"minecraft:open_barrel":5,"minecraft:leave_game":3,"minecraft:time_since_death":55961,"minecraft:climb_one_cm":860,"minecraft:sprint_one_cm":394801,"minecraft:walk_one_cm":490555,"minecraft:drop":78,"minecraft:talked_to_villager":1,"minecraft:play_time":154350,"minecraft:sneak_time":2983,"minecraft:deaths":2,"minecraft:walk_under_water_one_cm":5739,"minecraft:jump":2886,"minecraft:walk_on_water_one_cm":8825,"minecraft:total_world_time":154350,"minecraft:interact_with_furnace":66,"minecraft:sleep_in_bed":11,"minecraft:waystone_activated":2,"minecraft:time_since_rest":20695,"minecraft:damage_taken":1613,"minecraft:damage_absorbed":40,"minecraft:damage_dealt":3622,"minecraft:swim_one_cm":39422,"minecraft:fly_one_cm":560862,"minecraft:open_chest":54,"minecraft:crouch_one_cm":11311,"minecraft:fall_one_cm":82812},"minecraft:dropped":{"biomesoplenty:fir_log":23,"minecraft:iron_ingot":33,"minecraft:dark_oak_stairs":2,"minecraft:wheat_seeds":5,"biomesoplenty:maple_sapling":1,"minecraft:cobblestone":1,"minecraft:spruce_stairs":4,"mcwwindows:spruce_plank_four_window":32,"minecraft:chainmail_helmet":3,"minecraft:stick":14,"twigs:pebble":2,"minecraft:dirt":4,"mcwwindows:window_base":32,"mcwwindows:spruce_four_window":8,"twigs:bronzed_seashell":2,"gravestone:obituary":2,"another_furniture:oak_chair":1,"minecraft:chainmail_leggings":13,"minecraft:paper":1,"minecraft:dark_oak_planks":5,"minecraft:birch_log":11,"twigs:twig":27,"minecraft:snow_block":1,"biomesoplenty:toadstool":2,"minecraft:oak_planks":6,"minecraft:cooked_mutton":2,"minecraft:chainmail_chestplate":11,"minecraft:chiseled_stone_bricks":1,"minecraft:leather_chestplate":1,"chipped:offset_cobblestone_bricks":30,"minecraft:spruce_planks":196,"minecraft:melon_seeds":2,"minecraft:beetroot_seeds":5,"minecraft:leather_boots":1,"minecraft:chainmail_boots":4,"mcwwindows:window_centre_bar_base":12,"minecraft:spruce_log":30,"mcwwindows:hammer":1},"minecraft:mined":{"minecraft:dark_oak_planks":13,"minecraft:spruce_planks":3,"minecraft:white_bed":4,"chipped:thick_inlayed_cobblestone":3,"chipped:mason_table":1,"minecraft:spruce_trapdoor":1,"minecraft:grass_block":391,"biomesoplenty:flowering_oak_leaves":1,"minecraft:spruce_leaves":254,"another_furniture:oak_chair":4,"another_furniture:oak_table":1,"biomesoplenty:stripped_fir_log":1,"chipped:offset_cobblestone_bricks":27,"minecraft:furnace":2,"biomesoplenty:toadstool":1,"minecraft:iron_ore":18,"minecraft:pumpkin":4,"chipped:cut_cobblestone_column":2,"twigs:bronzed_seashell":7,"minecraft:dark_oak_stairs":2,"mcwwindows:stripped_spruce_log_four_window":4,"minecraft:vine":1,"mcwwindows:stone_brick_gothic":2,"biomesoplenty:barley":1,"minecraft:stone":233,"twigs:opaline_seashell":1,"minecraft:podzol":39,"twigs:pebble":3,"biomesoplenty:glowworm_silk":1,"minecraft:crafting_table":6,"minecraft:tall_grass":5,"mcwwindows:spruce_four_window":7,"minecraft:spruce_stairs":5,"minecraft:red_candle":6,"minecraft:sweet_berry_bush":6,"biomesoplenty:glowworm_silk_strand":1,"minecraft:birch_log":11,"minecraft:lilac":1,"minecraft:spruce_log":343,"minecraft:birch_leaves":1,"biomesoplenty:maple_leaves":3,"biomesoplenty:fir_log":57,"minecraft:grass":10,"minecraft:oak_log":17,"minecraft:coal_ore":51,"biomesoplenty:fir_leaves":26,"minecraft:dirt":527,"minecraft:oak_leaves":1,"minecraft:fern":1,"mcwwindows:spruce_plank_four_window":11},"minecraft:killed":{"minecraft:spider":2,"alexsmobs:seagull":1,"minecraft:skeleton":1,"minecraft:horse":1,"minecraft:pig":3,"alexsmobs:grizzly_bear":1,"minecraft:sheep":11,"minecraft:zombie":1,"minecraft:cow":3},"minecraft:broken":{"minecraft:stone_pickaxe":1,"minecraft:stone_axe":2,"minecraft:iron_pickaxe":1,"minecraft:wooden_axe":5},"minecraft:picked_up":{"minecraft:crafting_table":6,"minecraft:chainmail_boots":2,"minecraft:iron_trapdoor":6,"minecraft:diamond_sword":1,"another_furniture:oak_chair":5,"another_furniture:oak_table":1,"minecraft:string":4,"chipped:thick_inlayed_cobblestone":3,"minecraft:red_candle":14,"twigs:pebble":5,"minecraft:spruce_planks":164,"minecraft:beef":4,"mcwwindows:window_base":32,"minecraft:spruce_trapdoor":1,"minecraft:furnace":1,"chipped:mason_table":1,"minecraft:raw_iron":17,"minecraft:spruce_stairs":7,"minecraft:porkchop":4,"chipped:offset_cobblestone_bricks":51,"minecraft:dark_oak_planks":18,"minecraft:rotten_flesh":2,"minecraft:arrow":3,"minecraft:hay_block":2,"minecraft:gold_ingot":8,"minecraft:mutton":18,"minecraft:white_wool":9,"minecraft:cobblestone":242,"minecraft:birch_log":11,"chipped:cut_cobblestone_column":2,"mcwwindows:window_centre_bar_base":4,"minecraft:feather":2,"minecraft:lilac":1,"biomesoplenty:goldenrod":1,"minecraft:leather":5,"alexsmobs:bear_fur":2,"biomesoplenty:fir_log":76,"minecraft:oak_log":17,"minecraft:chainmail_chestplate":6,"minecraft:dirt":767,"mcwwindows:spruce_four_window":7,"minecraft:leather_boots":1,"biomesoplenty:stripped_fir_log":1,"minecraft:apple":1,"mcwwindows:hammer":1,"minecraft:wheat_seeds":8,"minecraft:iron_ingot":7,"minecraft:stone_pickaxe":1,"twigs:twig":29,"minecraft:dark_oak_stairs":2,"biomesoplenty:toadstool":2,"chiselsandbits:chiseledrock":1,"minecraft:sweet_berries":15,"minecraft:chiseled_stone_bricks":1,"twigs:bronzed_seashell":8,"minecraft:spruce_sapling":42,"minecraft:white_bed":4,"minecraft:spruce_log":385,"minecraft:mossy_cobblestone":1,"mcwwindows:stripped_spruce_log_four_window":8,"biomesoplenty:maple_sapling":1,"waystones:waystone":1,"minecraft:chainmail_leggings":6,"mcwwindows:spruce_plank_four_window":11,"minecraft:gray_wool":1,"mcwwindows:stone_brick_gothic":2,"minecraft:chainmail_helmet":2,"minecraft:black_wool":1,"minecraft:coal":50},"minecraft:killed_by":{"alexsmobs:crocodile":2},"minecraft:crafted":{"mcwwindows:window_half_bar_base":52,"minecraft:oak_planks":68,"mcwwindows:spruce_four_window":8,"another_furniture:oak_table":3,"another_furniture:oak_chair":3,"minecraft:furnace":1,"mcwwindows:stone_brick_gothic":4,"minecraft:stone":14,"chipped:thick_inlayed_cobblestone":1,"mcwwindows:hammer":1,"minecraft:cooked_mutton":18,"minecraft:glass_pane":16,"minecraft:glass":70,"chipped:offset_cobblestone_bricks":30,"minecraft:iron_boots":1,"minecraft:chest":11,"minecraft:stone_bricks":4,"sophisticatedbackpacks:iron_backpack":1,"sophisticatedbackpacks:backpack":1,"mcwwindows:spruce_plank_four_window":32,"minecraft:cooked_porkchop":4,"minecraft:crafting_table":5,"mcwwindows:window_centre_bar_base":52,"chipped:cut_cobblestone_column":1,"minecraft:spruce_planks":200,"minecraft:iron_helmet":1,"sophisticatedbackpacks:gold_backpack":1,"minecraft:stone_axe":2,"minecraft:air":0,"biomesoplenty:fir_planks":48,"minecraft:iron_chestplate":1,"minecraft:cobblestone":2,"mcwwindows:window_base":84,"minecraft:stick":242,"minecraft:iron_ingot":38,"minecraft:iron_pickaxe":2,"minecraft:wooden_axe":8,"minecraft:white_bed":3,"minecraft:torch":8}},"DataVersion":3120}