{"stats":{"minecraft:used":{"minecraft:cooked_mutton":6,"minecraft:stone_pickaxe":116,"minecraft:oak_planks":13,"minecraft:torch":1,"biomesoplenty:goldenrod":1,"minecraft:crafting_table":6,"minecraft:black_wool":1,"minecraft:lilac":1,"minecraft:stone_axe":43,"minecraft:furnace":1,"alexsmobs:animal_dictionary":7,"twigs:pebble":2,"minecraft:gray_wool":1},"minecraft:custom":{"minecraft:interact_with_furnace":25,"lootr:looted_stat":2,"minecraft:mob_kills":21,"minecraft:interact_with_crafting_table":7,"minecraft:time_since_death":26137,"minecraft:climb_one_cm":84,"minecraft:time_since_rest":26137,"minecraft:sprint_one_cm":93626,"minecraft:damage_taken":265,"minecraft:walk_one_cm":87780,"minecraft:drop":2,"minecraft:damage_dealt":2039,"minecraft:fly_one_cm":162961,"minecraft:crouch_one_cm":2657,"minecraft:play_time":26137,"minecraft:sneak_time":874,"minecraft:walk_under_water_one_cm":297,"minecraft:jump":749,"minecraft:walk_on_water_one_cm":659,"minecraft:total_world_time":26137,"minecraft:fall_one_cm":20797},"minecraft:dropped":{"minecraft:cooked_mutton":2},"minecraft:mined":{"minecraft:dark_oak_planks":3,"twigs:pebble":2,"minecraft:crafting_table":4,"biomesoplenty:flowering_oak_leaves":1,"minecraft:tall_grass":3,"minecraft:spruce_stairs":1,"minecraft:furnace":1,"minecraft:birch_log":11,"minecraft:iron_ore":18,"minecraft:lilac":1,"minecraft:birch_leaves":1,"minecraft:dark_oak_stairs":1,"minecraft:grass":6,"minecraft:coal_ore":44,"minecraft:oak_log":8,"minecraft:vine":1,"biomesoplenty:barley":1,"minecraft:stone":32,"minecraft:oak_leaves":1},"minecraft:killed":{"minecraft:pig":3,"minecraft:spider":2,"alexsmobs:seagull":1,"minecraft:sheep":11,"minecraft:horse":1,"minecraft:cow":3},"minecraft:picked_up":{"minecraft:birch_log":11,"minecraft:crafting_table":4,"minecraft:feather":2,"minecraft:lilac":1,"biomesoplenty:goldenrod":1,"minecraft:leather":5,"minecraft:oak_log":8,"minecraft:string":4,"minecraft:wheat_seeds":1,"twigs:pebble":2,"minecraft:beef":4,"minecraft:stone_pickaxe":1,"minecraft:dark_oak_stairs":1,"minecraft:furnace":1,"minecraft:raw_iron":17,"minecraft:spruce_stairs":1,"minecraft:porkchop":4,"minecraft:dark_oak_planks":3,"waystones:waystone":1,"minecraft:gray_wool":1,"minecraft:black_wool":1,"minecraft:mutton":18,"minecraft:coal":44,"minecraft:white_wool":9,"minecraft:cobblestone":32},"minecraft:crafted":{"minecraft:oak_planks":32,"minecraft:crafting_table":2,"minecraft:iron_helmet":1,"minecraft:furnace":1,"minecraft:stone_axe":2,"minecraft:cooked_mutton":9,"minecraft:air":0,"minecraft:iron_boots":1,"minecraft:iron_chestplate":1,"minecraft:stick":4,"minecraft:iron_ingot":17,"minecraft:white_bed":1,"minecraft:torch":8}},"DataVersion":3120}