{"stats":{"minecraft:used":{"minecraft:chest":2,"minecraft:torch":2,"minecraft:dirt":259,"minecraft:spruce_stairs":3,"minecraft:carrot":5,"minecraft:wooden_axe":285,"minecraft:red_candle":1,"minecraft:furnace":2,"minecraft:cooked_mutton":14,"minecraft:snow_block":1,"minecraft:stone_pickaxe":118,"minecraft:oak_planks":13,"minecraft:mossy_cobblestone":1,"biomesoplenty:goldenrod":1,"minecraft:crafting_table":10,"minecraft:white_bed":5,"minecraft:black_wool":1,"minecraft:bread":3,"minecraft:iron_pickaxe":4,"minecraft:spruce_trapdoor":1,"minecraft:lilac":1,"minecraft:stone_axe":218,"twigs:bronzed_seashell":5,"minecraft:cobblestone":2,"alexsmobs:animal_dictionary":7,"twigs:pebble":2,"biomesoplenty:fir_log":7,"minecraft:gray_wool":1},"minecraft:custom":{"lootr:looted_stat":14,"minecraft:mob_kills":26,"minecraft:interact_with_crafting_table":28,"minecraft:open_barrel":5,"minecraft:time_since_death":80137,"minecraft:climb_one_cm":492,"minecraft:sprint_one_cm":227990,"minecraft:walk_one_cm":282401,"minecraft:drop":38,"minecraft:talked_to_villager":1,"minecraft:play_time":80137,"minecraft:sneak_time":2125,"minecraft:walk_under_water_one_cm":4400,"minecraft:jump":1761,"minecraft:walk_on_water_one_cm":4057,"minecraft:total_world_time":80137,"minecraft:interact_with_furnace":42,"minecraft:sleep_in_bed":5,"minecraft:time_since_rest":11467,"minecraft:waystone_activated":1,"minecraft:damage_taken":658,"minecraft:damage_dealt":2841,"minecraft:swim_one_cm":21876,"minecraft:fly_one_cm":346946,"minecraft:open_chest":16,"minecraft:crouch_one_cm":7176,"minecraft:fall_one_cm":48615},"minecraft:dropped":{"biomesoplenty:fir_log":23,"minecraft:dark_oak_stairs":2,"minecraft:wheat_seeds":5,"biomesoplenty:maple_sapling":1,"minecraft:cobblestone":1,"minecraft:spruce_stairs":4,"minecraft:chainmail_helmet":1,"minecraft:stick":14,"twigs:pebble":2,"minecraft:dirt":4,"twigs:bronzed_seashell":1,"minecraft:chainmail_leggings":1,"minecraft:paper":1,"minecraft:dark_oak_planks":5,"minecraft:birch_log":11,"twigs:twig":27,"minecraft:snow_block":1,"biomesoplenty:toadstool":2,"minecraft:oak_planks":6,"minecraft:cooked_mutton":2,"minecraft:chainmail_chestplate":1,"minecraft:chiseled_stone_bricks":1,"minecraft:leather_chestplate":1,"minecraft:spruce_planks":196,"minecraft:melon_seeds":2,"minecraft:beetroot_seeds":5,"minecraft:leather_boots":1,"minecraft:spruce_log":30},"minecraft:mined":{"minecraft:dark_oak_planks":13,"minecraft:spruce_planks":3,"minecraft:white_bed":4,"minecraft:spruce_trapdoor":1,"minecraft:grass_block":67,"biomesoplenty:flowering_oak_leaves":1,"minecraft:spruce_leaves":189,"minecraft:furnace":1,"biomesoplenty:toadstool":1,"minecraft:iron_ore":18,"minecraft:pumpkin":4,"twigs:bronzed_seashell":2,"minecraft:dark_oak_stairs":2,"minecraft:vine":1,"biomesoplenty:barley":1,"minecraft:stone":35,"twigs:opaline_seashell":1,"twigs:pebble":3,"biomesoplenty:glowworm_silk":1,"minecraft:crafting_table":6,"minecraft:tall_grass":5,"minecraft:spruce_stairs":5,"minecraft:red_candle":6,"biomesoplenty:glowworm_silk_strand":1,"minecraft:birch_log":11,"minecraft:lilac":1,"minecraft:spruce_log":336,"minecraft:birch_leaves":1,"biomesoplenty:maple_leaves":1,"biomesoplenty:fir_log":57,"minecraft:grass":7,"minecraft:oak_log":17,"minecraft:coal_ore":44,"biomesoplenty:fir_leaves":26,"minecraft:dirt":132,"minecraft:oak_leaves":1},"minecraft:killed":{"minecraft:spider":2,"alexsmobs:seagull":1,"minecraft:horse":1,"minecraft:skeleton":1,"minecraft:pig":3,"minecraft:sheep":11,"minecraft:zombie":1,"minecraft:cow":3},"minecraft:broken":{"minecraft:stone_pickaxe":1,"minecraft:stone_axe":2,"minecraft:wooden_axe":4},"minecraft:picked_up":{"minecraft:crafting_table":6,"minecraft:iron_trapdoor":6,"minecraft:string":4,"minecraft:red_candle":14,"twigs:pebble":4,"minecraft:spruce_planks":164,"minecraft:beef":4,"minecraft:spruce_trapdoor":1,"minecraft:furnace":1,"minecraft:raw_iron":17,"minecraft:spruce_stairs":7,"minecraft:porkchop":4,"minecraft:dark_oak_planks":18,"minecraft:arrow":3,"minecraft:rotten_flesh":2,"minecraft:hay_block":2,"minecraft:mutton":18,"minecraft:white_wool":9,"minecraft:cobblestone":166,"minecraft:birch_log":11,"minecraft:feather":2,"minecraft:lilac":1,"biomesoplenty:goldenrod":1,"minecraft:leather":5,"biomesoplenty:fir_log":76,"minecraft:oak_log":17,"minecraft:chainmail_chestplate":1,"minecraft:dirt":136,"minecraft:leather_boots":1,"minecraft:apple":1,"minecraft:wheat_seeds":6,"minecraft:stone_pickaxe":1,"twigs:twig":27,"minecraft:dark_oak_stairs":2,"chiselsandbits:chiseledrock":1,"biomesoplenty:toadstool":2,"minecraft:chiseled_stone_bricks":1,"twigs:bronzed_seashell":3,"minecraft:spruce_sapling":37,"minecraft:white_bed":4,"minecraft:spruce_log":360,"minecraft:mossy_cobblestone":1,"biomesoplenty:maple_sapling":1,"waystones:waystone":1,"minecraft:gray_wool":1,"minecraft:chainmail_helmet":1,"minecraft:black_wool":1,"minecraft:coal":44},"minecraft:crafted":{"minecraft:oak_planks":32,"minecraft:furnace":1,"minecraft:cooked_mutton":18,"minecraft:iron_boots":1,"minecraft:chest":3,"sophisticatedbackpacks:backpack":1,"minecraft:crafting_table":5,"minecraft:spruce_planks":68,"minecraft:iron_helmet":1,"minecraft:stone_axe":2,"minecraft:air":0,"biomesoplenty:fir_planks":48,"minecraft:iron_chestplate":1,"minecraft:stick":20,"minecraft:iron_ingot":17,"minecraft:iron_pickaxe":2,"minecraft:wooden_axe":8,"minecraft:white_bed":1,"minecraft:torch":8}},"DataVersion":3120}