{"stats":{"minecraft:used":{"mcwwindows:stone_brick_gothic":2,"minecraft:flint_and_steel":17,"minecraft:chest":10,"minecraft:cooked_salmon":2,"minecraft:torch":8,"minecraft:dirt":658,"chiselsandbits:chiseledrock":1,"minecraft:spruce_stairs":3,"minecraft:carrot":5,"minecraft:wooden_axe":295,"minecraft:red_candle":1,"mcwwindows:spruce_four_window":7,"biomesoplenty:jacaranda_sapling":2,"minecraft:sweet_berries":5,"minecraft:furnace":2,"minecraft:cooked_mutton":15,"minecraft:snow_block":1,"minecraft:stone_pickaxe":118,"minecraft:oak_planks":13,"biomesoplenty:lavender":1,"minecraft:diamond_axe":1,"another_furniture:oak_chair":6,"minecraft:golden_apple":1,"minecraft:mossy_cobblestone":1,"biomesoplenty:goldenrod":1,"another_furniture:oak_table":2,"minecraft:crafting_table":11,"chipped:mason_table":1,"minecraft:white_bed":8,"chipped:thick_inlayed_cobblestone":3,"chipped:cut_cobblestone_column":2,"minecraft:black_wool":1,"minecraft:apple":1,"mcwwindows:spruce_plank_four_window":11,"minecraft:string":2,"minecraft:iron_pickaxe":267,"minecraft:bread":19,"minecraft:spruce_trapdoor":1,"minecraft:lilac":1,"minecraft:stone_axe":218,"twigs:bronzed_seashell":10,"minecraft:diamond_sword":69,"minecraft:cobblestone":14,"minecraft:cooked_porkchop":2,"chipped:offset_cobblestone_bricks":20,"alexsmobs:animal_dictionary":7,"twigs:pebble":2,"biomesoplenty:fir_log":8,"minecraft:gray_wool":1},"minecraft:custom":{"lootr:looted_stat":33,"minecraft:mob_kills":36,"minecraft:interact_with_crafting_table":65,"minecraft:open_barrel":10,"minecraft:leave_game":8,"minecraft:time_since_death":30213,"minecraft:climb_one_cm":4399,"minecraft:sprint_one_cm":511659,"minecraft:walk_one_cm":599737,"minecraft:drop":88,"minecraft:talked_to_villager":1,"minecraft:play_time":189289,"minecraft:sneak_time":3679,"minecraft:deaths":3,"minecraft:walk_under_water_one_cm":17219,"minecraft:boat_one_cm":71368,"minecraft:jump":3832,"minecraft:walk_on_water_one_cm":22723,"minecraft:total_world_time":189289,"minecraft:interact_with_furnace":66,"minecraft:sleep_in_bed":12,"minecraft:waystone_activated":2,"minecraft:time_since_rest":1013,"minecraft:damage_taken":2089,"minecraft:damage_absorbed":40,"minecraft:damage_dealt":4769,"minecraft:swim_one_cm":70156,"minecraft:fly_one_cm":749963,"minecraft:open_chest":54,"minecraft:crouch_one_cm":15035,"minecraft:fall_one_cm":110450,"minecraft:inspect_dispenser":3},"minecraft:dropped":{"biomesoplenty:fir_log":23,"minecraft:iron_ingot":33,"minecraft:dark_oak_stairs":2,"minecraft:wheat_seeds":5,"minecraft:oak_log":3,"minecraft:crafting_table":1,"biomesoplenty:lavender":4,"biomesoplenty:maple_sapling":1,"minecraft:cobblestone":1,"minecraft:spruce_stairs":4,"mcwwindows:spruce_plank_four_window":32,"minecraft:chainmail_helmet":3,"minecraft:stick":15,"twigs:pebble":2,"minecraft:dirt":12,"mcwwindows:window_base":32,"mcwwindows:spruce_four_window":8,"twigs:bronzed_seashell":2,"gravestone:obituary":3,"another_furniture:oak_chair":1,"minecraft:chainmail_leggings":13,"minecraft:paper":1,"minecraft:dark_oak_planks":5,"minecraft:birch_log":11,"twigs:twig":27,"minecraft:snow_block":1,"biomesoplenty:toadstool":2,"minecraft:oak_planks":70,"minecraft:cooked_mutton":2,"minecraft:chainmail_chestplate":11,"minecraft:chiseled_stone_bricks":1,"minecraft:leather_chestplate":1,"chipped:offset_cobblestone_bricks":30,"minecraft:spruce_planks":196,"minecraft:melon_seeds":2,"minecraft:beetroot_seeds":5,"minecraft:leather_boots":1,"minecraft:chainmail_boots":4,"mcwwindows:window_centre_bar_base":12,"minecraft:spruce_log":30,"mcwwindows:hammer":1},"minecraft:mined":{"minecraft:dark_oak_planks":13,"minecraft:spruce_planks":3,"minecraft:white_bed":5,"chipped:thick_inlayed_cobblestone":3,"chipped:mason_table":1,"alexsmobs:leafcutter_anthill":1,"minecraft:spruce_trapdoor":1,"minecraft:grass_block":391,"biomesoplenty:flowering_oak_leaves":1,"minecraft:spruce_leaves":254,"another_furniture:oak_chair":4,"another_furniture:oak_table":1,"biomesoplenty:jacaranda_sapling":1,"biomesoplenty:stripped_fir_log":1,"chipped:offset_cobblestone_bricks":27,"minecraft:furnace":2,"biomesoplenty:toadstool":1,"minecraft:iron_ore":18,"minecraft:fire":12,"biomesoplenty:lavender":5,"minecraft:pumpkin":4,"chipped:cut_cobblestone_column":2,"twigs:bronzed_seashell":7,"minecraft:dark_oak_stairs":2,"minecraft:vine":2,"mcwwindows:stripped_spruce_log_four_window":4,"mcwwindows:stone_brick_gothic":2,"biomesoplenty:barley":1,"minecraft:stone":233,"twigs:opaline_seashell":2,"minecraft:tripwire":2,"minecraft:podzol":39,"biomesoplenty:jacaranda_leaves":76,"twigs:pebble":3,"biomesoplenty:glowworm_silk":1,"minecraft:crafting_table":6,"minecraft:tall_grass":5,"mcwwindows:spruce_four_window":7,"minecraft:spruce_stairs":5,"minecraft:red_candle":6,"biomesoplenty:glowworm_silk_strand":1,"minecraft:birch_log":11,"minecraft:sweet_berry_bush":7,"minecraft:lilac":1,"minecraft:spruce_log":343,"minecraft:birch_leaves":1,"biomesoplenty:maple_leaves":3,"biomesoplenty:fir_log":57,"minecraft:grass":14,"minecraft:oak_log":68,"minecraft:coal_ore":51,"biomesoplenty:fir_leaves":26,"minecraft:dirt":530,"minecraft:cobweb":17,"minecraft:oak_leaves":1,"minecraft:fern":1,"mcwwindows:spruce_plank_four_window":11},"minecraft:killed":{"minecraft:spider":2,"alexsmobs:tasmanian_devil":1,"alexsmobs:seagull":1,"minecraft:skeleton":4,"minecraft:horse":1,"minecraft:pig":3,"alexsmobs:grizzly_bear":1,"minecraft:zombie_villager":1,"minecraft:sheep":15,"minecraft:zombie":1,"minecraft:cow":3},"minecraft:broken":{"minecraft:stone_pickaxe":1,"minecraft:stone_axe":2,"minecraft:iron_pickaxe":1,"minecraft:wooden_axe":5},"minecraft:picked_up":{"minecraft:crafting_table":7,"minecraft:chainmail_boots":2,"minecraft:iron_trapdoor":6,"minecraft:diamond_sword":1,"biomesoplenty:jacaranda_sapling":5,"another_furniture:oak_chair":5,"another_furniture:oak_table":1,"minecraft:string":22,"chipped:thick_inlayed_cobblestone":3,"minecraft:red_candle":14,"twigs:opaline_seashell":1,"twigs:pebble":5,"minecraft:spruce_planks":164,"minecraft:beef":4,"mcwwindows:window_base":32,"minecraft:spruce_trapdoor":1,"minecraft:furnace":1,"chipped:mason_table":1,"minecraft:stick":1,"minecraft:raw_iron":17,"minecraft:spruce_stairs":7,"minecraft:porkchop":4,"chipped:offset_cobblestone_bricks":51,"minecraft:dark_oak_planks":18,"minecraft:arrow":3,"minecraft:rotten_flesh":3,"minecraft:hay_block":2,"minecraft:gold_ingot":8,"minecraft:mutton":23,"minecraft:birch_log":11,"minecraft:white_wool":13,"minecraft:cobblestone":242,"biomesoplenty:lavender":5,"chipped:cut_cobblestone_column":2,"mcwwindows:window_centre_bar_base":4,"minecraft:feather":2,"minecraft:lilac":1,"biomesoplenty:goldenrod":1,"minecraft:leather":5,"biomesoplenty:fir_log":76,"alexsmobs:bear_fur":2,"minecraft:oak_log":68,"minecraft:chainmail_chestplate":6,"minecraft:dirt":778,"minecraft:lantern":1,"mcwwindows:spruce_four_window":7,"minecraft:leather_boots":1,"minecraft:bone":3,"biomesoplenty:stripped_fir_log":1,"minecraft:apple":1,"mcwwindows:hammer":1,"minecraft:wheat_seeds":8,"minecraft:iron_ingot":7,"minecraft:stone_pickaxe":1,"twigs:twig":34,"minecraft:oak_planks":64,"minecraft:dark_oak_stairs":2,"biomesoplenty:toadstool":2,"chiselsandbits:chiseledrock":1,"minecraft:sweet_berries":15,"minecraft:chiseled_stone_bricks":1,"twigs:bronzed_seashell":8,"minecraft:spruce_sapling":42,"minecraft:white_bed":5,"minecraft:spruce_log":385,"minecraft:mossy_cobblestone":1,"mcwwindows:stripped_spruce_log_four_window":8,"biomesoplenty:maple_sapling":5,"waystones:waystone":1,"minecraft:chainmail_leggings":6,"mcwwindows:spruce_plank_four_window":11,"minecraft:gray_wool":1,"mcwwindows:stone_brick_gothic":2,"minecraft:chainmail_helmet":2,"minecraft:black_wool":1,"minecraft:coal":50},"minecraft:killed_by":{"alexsmobs:skelewag":1,"alexsmobs:crocodile":2},"minecraft:crafted":{"mcwwindows:window_half_bar_base":52,"minecraft:oak_planks":260,"mcwwindows:spruce_four_window":8,"another_furniture:oak_table":3,"another_furniture:oak_chair":3,"minecraft:furnace":1,"mcwwindows:stone_brick_gothic":4,"minecraft:stone":14,"chipped:thick_inlayed_cobblestone":1,"mcwwindows:hammer":1,"minecraft:cooked_mutton":18,"minecraft:glass_pane":16,"minecraft:glass":70,"chipped:offset_cobblestone_bricks":30,"minecraft:iron_boots":1,"minecraft:chest":11,"minecraft:stone_bricks":4,"sophisticatedbackpacks:iron_backpack":1,"sophisticatedbackpacks:backpack":1,"mcwwindows:spruce_plank_four_window":32,"minecraft:cooked_porkchop":4,"minecraft:crafting_table":6,"mcwwindows:window_centre_bar_base":52,"chipped:cut_cobblestone_column":1,"minecraft:spruce_planks":200,"minecraft:iron_helmet":1,"sophisticatedbackpacks:gold_backpack":1,"minecraft:stone_axe":2,"minecraft:air":0,"biomesoplenty:fir_planks":48,"minecraft:iron_chestplate":1,"minecraft:cobblestone":2,"mcwwindows:window_base":84,"minecraft:stick":242,"minecraft:iron_ingot":38,"minecraft:iron_pickaxe":2,"minecraft:wooden_axe":8,"minecraft:white_bed":4,"minecraft:torch":8}},"DataVersion":3120}