{"stats":{"minecraft:used":{"minecraft:stone_sword":180,"minecraft:iron_shovel":250,"minecraft:stone_shovel":195,"minecraft:shield":9,"minecraft:iron_sword":17,"minecraft:torch":26,"minecraft:stone_bricks":5,"minecraft:furnace":3,"minecraft:golden_boots":1,"minecraft:cooked_mutton":15,"minecraft:mossy_stone_bricks":1,"minecraft:stone_pickaxe":395,"minecraft:mossy_stone_brick_stairs":1,"biomesoplenty:fir_planks":4,"minecraft:sand":1,"minecraft:crafting_table":13,"minecraft:white_bed":6,"minecraft:bread":11,"minecraft:iron_pickaxe":252,"minecraft:stone_axe":254,"twigs:bronzed_seashell":8,"minecraft:cobblestone":18,"biomesoplenty:fir_door":6,"minecraft:oak_boat":1,"minecraft:sea_pickle":2,"biomesoplenty:fir_log":8},"minecraft:custom":{"lootr:looted_stat":28,"minecraft:mob_kills":54,"minecraft:animals_bred":1,"minecraft:interact_with_crafting_table":26,"minecraft:open_barrel":2,"minecraft:time_since_death":89108,"minecraft:climb_one_cm":3132,"minecraft:sprint_one_cm":223355,"minecraft:walk_one_cm":243740,"minecraft:damage_blocked_by_shield":570,"minecraft:drop":49,"minecraft:play_time":89346,"minecraft:deaths":1,"minecraft:sneak_time":5838,"minecraft:walk_under_water_one_cm":49949,"minecraft:boat_one_cm":26280,"minecraft:jump":1816,"minecraft:walk_on_water_one_cm":23159,"minecraft:total_world_time":89346,"minecraft:interact_with_furnace":19,"spartanshields:shield_bash_hits":1,"minecraft:sleep_in_bed":7,"minecraft:time_since_rest":5665,"minecraft:damage_taken":1301,"minecraft:damage_dealt":7024,"minecraft:fly_one_cm":415934,"minecraft:swim_one_cm":55326,"minecraft:open_chest":1,"minecraft:crouch_one_cm":12138,"minecraft:fall_one_cm":44976},"minecraft:dropped":{"minecraft:birch_planks":2,"minecraft:wheat_seeds":294,"minecraft:mossy_cobblestone":1,"minecraft:feather":1,"minecraft:flint":1,"biomesoplenty:violet":1,"twigs:pebble":8,"minecraft:diorite":21,"minecraft:iron_trapdoor":6,"twigs:bronzed_seashell":1,"minecraft:brown_wool":1,"minecraft:snowball":13,"gravestone:obituary":1,"minecraft:sand":1,"minecraft:paper":1,"twigs:opaline_seashell":1,"twigs:twig":7,"minecraft:gravel":67,"minecraft:coarse_dirt":1,"minecraft:stone_sword":1,"minecraft:white_carpet":2,"minecraft:oak_planks":1,"minecraft:green_concrete":1,"minecraft:stone_stairs":1,"minecraft:chainmail_chestplate":1,"minecraft:filled_map":1,"biomesoplenty:fir_planks":2,"minecraft:skeleton_skull":1,"minecraft:oak_sapling":1,"minecraft:stone_bricks":2,"minecraft:stone_brick_stairs":2,"minecraft:black_wool":1},"minecraft:mined":{"biomesoplenty:cherry_log":16,"minecraft:white_bed":6,"minecraft:mossy_cobblestone":1,"biomesoplenty:bush":15,"minecraft:grass_block":1,"minecraft:spruce_leaves":4,"minecraft:green_concrete":1,"minecraft:hopper":1,"minecraft:chiseled_stone_bricks":1,"minecraft:large_fern":6,"minecraft:hay_block":52,"minecraft:furnace":5,"minecraft:iron_ore":4,"biomesoplenty:violet":1,"minecraft:andesite":13,"minecraft:pumpkin":72,"twigs:bronzed_seashell":2,"minecraft:gold_block":1,"minecraft:mossy_stone_brick_stairs":1,"minecraft:bookshelf":5,"biomesoplenty:pink_cherry_leaves":54,"minecraft:vine":7,"minecraft:bamboo":1,"minecraft:stone":94,"twigs:opaline_seashell":1,"minecraft:light_gray_carpet":3,"twigs:pebble":6,"lootr:lootr_chest":9,"lootr:lootr_barrel":6,"minecraft:red_bed":1,"minecraft:powder_snow":4,"minecraft:crafting_table":12,"minecraft:torch":1,"biomesoplenty:fir_planks":4,"twigs:roseate_seashell":2,"minecraft:tall_grass":1,"minecraft:cobblestone":9,"minecraft:oak_planks":1,"minecraft:diorite":179,"minecraft:skeleton_skull":1,"minecraft:stone_stairs":1,"minecraft:birch_planks":2,"minecraft:coarse_dirt":1,"minecraft:wheat":109,"minecraft:ice":13,"minecraft:white_carpet":9,"biomesoplenty:fir_log":134,"minecraft:stone_brick_stairs":3,"minecraft:grass":17,"minecraft:coal_ore":49,"minecraft:oak_log":18,"biomesoplenty:fir_leaves":32,"minecraft:gravel":141,"minecraft:sand":196,"minecraft:dirt":115,"minecraft:cobweb":6,"minecraft:stone_bricks":7,"minecraft:netherrack":254,"minecraft:mossy_stone_bricks":1,"minecraft:oak_leaves":1,"minecraft:iron_trapdoor":6,"minecraft:fern":6},"minecraft:killed":{"alexsmobs:raccoon":1,"alexsmobs:snow_leopard":1,"minecraft:skeleton":8,"alexsmobs:banana_slug":2,"minecraft:pig":10,"minecraft:sheep":15,"minecraft:zombie":17,"alexsmobs:crow":1},"minecraft:broken":{"minecraft:iron_shovel":1,"minecraft:stone_sword":1,"minecraft:iron_boots":1,"minecraft:stone_pickaxe":3,"minecraft:stone_axe":1,"minecraft:iron_pickaxe":1,"minecraft:stone_shovel":1},"minecraft:picked_up":{"minecraft:crafting_table":12,"minecraft:coarse_dirt":1,"minecraft:wheat":109,"minecraft:iron_trapdoor":6,"minecraft:leather_leggings":1,"twigs:roseate_seashell":1,"minecraft:gold_block":1,"biomesoplenty:violet":1,"minecraft:stone_brick_stairs":2,"gravestone:obituary":1,"minecraft:string":7,"biomesoplenty:fir_door":3,"minecraft:stone_stairs":1,"minecraft:white_carpet":2,"twigs:opaline_seashell":2,"minecraft:sea_pickle":2,"biomesoplenty:fir_planks":4,"twigs:pebble":52,"minecraft:chest":8,"minecraft:furnace":5,"minecraft:iron_boots":1,"minecraft:raw_iron":4,"minecraft:torch":1,"twigs:bamboo_leaves":3,"sophisticatedbackpacks:backpack":1,"minecraft:porkchop":19,"minecraft:diorite":85,"minecraft:arrow":12,"minecraft:rotten_flesh":7,"minecraft:hay_block":50,"minecraft:mutton":20,"minecraft:snowball":13,"minecraft:cobblestone":79,"minecraft:skeleton_skull":1,"minecraft:white_wool":12,"minecraft:leather_chestplate":2,"minecraft:feather":1,"minecraft:andesite":13,"minecraft:brown_wool":1,"minecraft:birch_planks":2,"biomesoplenty:fir_log":133,"biomesoplenty:fir_sapling":2,"minecraft:flint":8,"minecraft:oak_log":10,"minecraft:chainmail_chestplate":1,"minecraft:dirt":47,"minecraft:lantern":3,"minecraft:bone":6,"minecraft:stone_bricks":7,"minecraft:bow":1,"minecraft:wheat_seeds":294,"minecraft:iron_ingot":1,"minecraft:mossy_stone_bricks":1,"minecraft:bamboo":4,"twigs:twig":7,"biomesoplenty:cherry_log":16,"minecraft:oak_planks":1,"minecraft:mossy_stone_brick_stairs":1,"minecraft:book":15,"minecraft:pumpkin":72,"minecraft:sand":68,"minecraft:gravel":67,"twigs:bronzed_seashell":3,"minecraft:white_bed":6,"minecraft:diamond_block":1,"minecraft:barrel":6,"minecraft:mossy_cobblestone":1,"minecraft:green_concrete":1,"minecraft:gray_wool":1,"minecraft:netherrack":254,"minecraft:black_wool":1,"minecraft:oak_sapling":1,"minecraft:light_gray_carpet":5,"minecraft:coal":121,"minecraft:hopper":1},"minecraft:killed_by":{"minecraft:creeper":1},"minecraft:crafted":{"minecraft:oak_planks":40,"minecraft:stone_shovel":2,"minecraft:furnace":1,"minecraft:cooked_mutton":16,"minecraft:stone_pickaxe":3,"sophisticatedbackpacks:iron_backpack":1,"minecraft:crafting_table":2,"sophisticatedbackpacks:gold_backpack":1,"minecraft:stone_axe":2,"minecraft:air":0,"biomesoplenty:fir_planks":52,"minecraft:oak_boat":1,"minecraft:cobblestone":11,"minecraft:shield":1,"minecraft:stick":36,"minecraft:leather_chestplate":1,"minecraft:iron_ingot":4,"minecraft:iron_pickaxe":2,"minecraft:stone_sword":2,"minecraft:iron_shovel":1,"minecraft:gold_ingot":9,"minecraft:white_bed":1,"minecraft:torch":52,"biomesoplenty:fir_door":12}},"DataVersion":3120}