{"stats":{"minecraft:used":{"minecraft:stone_sword":180,"minecraft:iron_shovel":9,"minecraft:shield":5,"minecraft:torch":26,"minecraft:stone_bricks":5,"minecraft:furnace":3,"minecraft:cooked_mutton":14,"minecraft:mossy_stone_bricks":1,"minecraft:stone_pickaxe":124,"minecraft:mossy_stone_brick_stairs":1,"biomesoplenty:fir_planks":4,"minecraft:crafting_table":10,"minecraft:white_bed":3,"minecraft:bread":3,"minecraft:stone_axe":232,"twigs:bronzed_seashell":8,"minecraft:cobblestone":17,"biomesoplenty:fir_door":5,"minecraft:oak_boat":1,"minecraft:sea_pickle":2,"biomesoplenty:fir_log":8},"minecraft:custom":{"lootr:looted_stat":23,"minecraft:mob_kills":48,"minecraft:interact_with_crafting_table":15,"minecraft:open_barrel":2,"minecraft:time_since_death":65108,"minecraft:climb_one_cm":2887,"minecraft:sprint_one_cm":155822,"minecraft:walk_one_cm":193977,"minecraft:damage_blocked_by_shield":450,"minecraft:drop":23,"minecraft:play_time":65346,"minecraft:deaths":1,"minecraft:sneak_time":4888,"minecraft:walk_under_water_one_cm":15747,"minecraft:boat_one_cm":26280,"minecraft:jump":1345,"minecraft:walk_on_water_one_cm":13173,"minecraft:total_world_time":65346,"minecraft:interact_with_furnace":19,"spartanshields:shield_bash_hits":1,"minecraft:sleep_in_bed":4,"minecraft:time_since_rest":12640,"minecraft:damage_taken":1166,"minecraft:damage_dealt":6208,"minecraft:fly_one_cm":288010,"minecraft:swim_one_cm":37764,"minecraft:crouch_one_cm":11708,"minecraft:fall_one_cm":33501},"minecraft:dropped":{"minecraft:wheat_seeds":3,"minecraft:mossy_cobblestone":1,"minecraft:feather":1,"minecraft:flint":1,"twigs:pebble":2,"minecraft:iron_trapdoor":6,"twigs:bronzed_seashell":1,"gravestone:obituary":1,"minecraft:paper":1,"twigs:opaline_seashell":1,"twigs:twig":7,"minecraft:gravel":1,"minecraft:coarse_dirt":1,"minecraft:white_carpet":1,"minecraft:stone_stairs":1,"minecraft:chainmail_chestplate":1,"minecraft:skeleton_skull":1,"minecraft:oak_sapling":1,"minecraft:black_wool":1},"minecraft:mined":{"minecraft:white_bed":3,"minecraft:mossy_cobblestone":1,"biomesoplenty:bush":15,"minecraft:grass_block":1,"minecraft:spruce_leaves":4,"minecraft:green_concrete":1,"minecraft:hopper":1,"minecraft:chiseled_stone_bricks":1,"minecraft:large_fern":6,"minecraft:hay_block":40,"minecraft:furnace":5,"minecraft:iron_ore":4,"minecraft:pumpkin":8,"twigs:bronzed_seashell":2,"minecraft:mossy_stone_brick_stairs":1,"minecraft:bookshelf":5,"minecraft:vine":6,"minecraft:stone":22,"twigs:opaline_seashell":1,"minecraft:light_gray_carpet":3,"twigs:pebble":6,"lootr:lootr_chest":9,"lootr:lootr_barrel":6,"minecraft:red_bed":1,"minecraft:powder_snow":4,"minecraft:crafting_table":9,"minecraft:torch":1,"biomesoplenty:fir_planks":4,"twigs:roseate_seashell":2,"minecraft:cobblestone":9,"minecraft:oak_planks":1,"minecraft:diorite":4,"minecraft:skeleton_skull":1,"minecraft:stone_stairs":1,"minecraft:birch_planks":2,"minecraft:coarse_dirt":1,"minecraft:ice":5,"minecraft:white_carpet":9,"biomesoplenty:fir_log":134,"minecraft:stone_brick_stairs":3,"minecraft:grass":13,"minecraft:coal_ore":49,"minecraft:oak_log":18,"biomesoplenty:fir_leaves":32,"minecraft:gravel":13,"minecraft:dirt":3,"minecraft:cobweb":6,"minecraft:stone_bricks":7,"minecraft:mossy_stone_bricks":1,"minecraft:oak_leaves":1,"minecraft:iron_trapdoor":6,"minecraft:fern":3},"minecraft:killed":{"alexsmobs:snow_leopard":1,"minecraft:skeleton":8,"alexsmobs:banana_slug":2,"minecraft:pig":10,"minecraft:sheep":12,"minecraft:zombie":15,"alexsmobs:crow":1},"minecraft:broken":{"minecraft:stone_sword":1,"minecraft:iron_boots":1,"minecraft:stone_axe":1},"minecraft:picked_up":{"minecraft:crafting_table":9,"minecraft:coarse_dirt":1,"minecraft:iron_trapdoor":6,"minecraft:leather_leggings":1,"twigs:roseate_seashell":1,"minecraft:stone_brick_stairs":2,"gravestone:obituary":1,"minecraft:string":7,"minecraft:stone_stairs":1,"minecraft:white_carpet":2,"twigs:opaline_seashell":2,"minecraft:sea_pickle":2,"biomesoplenty:fir_planks":4,"twigs:pebble":12,"minecraft:chest":8,"minecraft:furnace":5,"minecraft:iron_boots":1,"minecraft:raw_iron":4,"minecraft:torch":1,"sophisticatedbackpacks:backpack":1,"minecraft:porkchop":19,"minecraft:diorite":2,"minecraft:arrow":12,"minecraft:rotten_flesh":7,"minecraft:hay_block":38,"minecraft:mutton":16,"minecraft:snowball":13,"minecraft:cobblestone":57,"minecraft:skeleton_skull":1,"minecraft:white_wool":10,"minecraft:leather_chestplate":2,"minecraft:feather":1,"minecraft:brown_wool":1,"minecraft:birch_planks":2,"biomesoplenty:fir_log":133,"biomesoplenty:fir_sapling":2,"minecraft:flint":1,"minecraft:oak_log":10,"minecraft:chainmail_chestplate":1,"minecraft:lantern":3,"minecraft:bone":6,"minecraft:stone_bricks":7,"minecraft:bow":1,"minecraft:wheat_seeds":3,"minecraft:iron_ingot":1,"minecraft:mossy_stone_bricks":1,"twigs:twig":7,"minecraft:oak_planks":1,"minecraft:mossy_stone_brick_stairs":1,"minecraft:book":15,"minecraft:pumpkin":8,"minecraft:gravel":8,"twigs:bronzed_seashell":3,"minecraft:white_bed":3,"minecraft:diamond_block":1,"minecraft:barrel":6,"minecraft:mossy_cobblestone":1,"minecraft:green_concrete":1,"minecraft:black_wool":1,"minecraft:oak_sapling":1,"minecraft:light_gray_carpet":5,"minecraft:coal":119,"minecraft:hopper":1},"minecraft:killed_by":{"minecraft:creeper":1},"minecraft:crafted":{"minecraft:oak_planks":40,"minecraft:furnace":1,"minecraft:cooked_mutton":16,"minecraft:stone_pickaxe":1,"sophisticatedbackpacks:iron_backpack":1,"minecraft:crafting_table":1,"minecraft:stone_axe":2,"minecraft:air":0,"biomesoplenty:fir_planks":28,"minecraft:oak_boat":1,"minecraft:shield":1,"minecraft:stick":24,"minecraft:leather_chestplate":1,"minecraft:iron_ingot":4,"minecraft:stone_sword":2,"minecraft:iron_shovel":1,"minecraft:white_bed":1,"minecraft:torch":52,"biomesoplenty:fir_door":6}},"DataVersion":3120}