{"stats":{"minecraft:used":{"minecraft:stone_axe":159,"minecraft:crafting_table":3,"minecraft:oak_boat":1,"biomesoplenty:fir_log":8},"minecraft:custom":{"minecraft:time_since_rest":11170,"minecraft:sprint_one_cm":15847,"minecraft:damage_taken":250,"minecraft:walk_one_cm":22549,"minecraft:mob_kills":2,"minecraft:drop":3,"minecraft:damage_dealt":190,"minecraft:swim_one_cm":355,"minecraft:interact_with_crafting_table":3,"minecraft:fly_one_cm":24896,"minecraft:crouch_one_cm":2979,"minecraft:play_time":11346,"minecraft:deaths":1,"minecraft:sneak_time":1245,"minecraft:walk_under_water_one_cm":877,"minecraft:boat_one_cm":26280,"minecraft:jump":179,"minecraft:time_since_death":11108,"minecraft:walk_on_water_one_cm":201,"minecraft:total_world_time":11346,"minecraft:fall_one_cm":4246},"minecraft:dropped":{"minecraft:oak_sapling":1,"gravestone:obituary":1,"twigs:twig":1},"minecraft:mined":{"biomesoplenty:fir_log":127,"minecraft:crafting_table":3,"minecraft:grass":9,"biomesoplenty:bush":15,"minecraft:oak_log":10,"biomesoplenty:fir_leaves":32,"minecraft:oak_leaves":1},"minecraft:killed":{"minecraft:sheep":2},"minecraft:broken":{"minecraft:stone_axe":1},"minecraft:picked_up":{"minecraft:crafting_table":3,"biomesoplenty:fir_sapling":2,"biomesoplenty:fir_log":117,"minecraft:oak_log":10,"gravestone:obituary":1,"minecraft:wheat_seeds":2,"minecraft:oak_sapling":1,"twigs:twig":7,"minecraft:mutton":3,"minecraft:white_wool":2,"minecraft:cobblestone":28},"minecraft:killed_by":{"minecraft:creeper":1},"minecraft:crafted":{"minecraft:oak_boat":1,"minecraft:oak_planks":40,"minecraft:crafting_table":1,"minecraft:stick":8,"minecraft:stone_pickaxe":1,"minecraft:stone_sword":1,"minecraft:stone_axe":2}},"DataVersion":3120}