{"stats":{"minecraft:used":{"minecraft:iron_shovel":250,"minecraft:stone_sword":180,"minecraft:stone_shovel":195,"minecraft:shield":11,"minecraft:iron_sword":123,"minecraft:torch":52,"minecraft:dirt":36,"minecraft:stone_bricks":5,"minecraft:furnace":4,"minecraft:cooked_cod":4,"minecraft:golden_boots":1,"minecraft:cooked_mutton":23,"minecraft:mossy_stone_bricks":1,"minecraft:stone_pickaxe":395,"biomesoplenty:willow_planks":258,"minecraft:mossy_stone_brick_stairs":1,"biomesoplenty:fir_planks":74,"minecraft:sand":1,"minecraft:crafting_table":21,"minecraft:white_bed":11,"minecraft:iron_pickaxe":348,"minecraft:bread":17,"minecraft:stone_axe":601,"twigs:bronzed_seashell":9,"minecraft:cobblestone":18,"biomesoplenty:fir_door":7,"minecraft:cooked_porkchop":3,"minecraft:oak_boat":4,"minecraft:bucket":2,"minecraft:sea_pickle":2,"biomesoplenty:fir_log":8},"minecraft:custom":{"lootr:looted_stat":57,"minecraft:mob_kills":81,"minecraft:animals_bred":1,"minecraft:interact_with_crafting_table":40,"minecraft:open_barrel":5,"minecraft:leave_game":2,"minecraft:time_since_death":161572,"minecraft:climb_one_cm":7477,"minecraft:sprint_one_cm":394839,"minecraft:walk_one_cm":427369,"minecraft:damage_blocked_by_shield":570,"minecraft:drop":92,"minecraft:play_time":161810,"minecraft:sneak_time":7725,"minecraft:deaths":1,"minecraft:walk_under_water_one_cm":64218,"minecraft:boat_one_cm":207783,"minecraft:jump":3764,"minecraft:walk_on_water_one_cm":39729,"minecraft:total_world_time":161810,"minecraft:interact_with_furnace":27,"spartanshields:shield_bash_hits":2,"minecraft:sleep_in_bed":12,"minecraft:time_since_rest":20803,"minecraft:damage_taken":2094,"minecraft:damage_dealt":10884,"minecraft:swim_one_cm":101337,"minecraft:fly_one_cm":765819,"minecraft:crouch_one_cm":19177,"minecraft:open_chest":1,"minecraft:inspect_dispenser":12,"minecraft:fall_one_cm":95857},"minecraft:dropped":{"biomesoplenty:mahogany_log":4,"twigs:bamboo_leaves":3,"minecraft:birch_planks":2,"minecraft:wheat_seeds":297,"minecraft:oak_log":1,"minecraft:mossy_cobblestone":1,"biomesoplenty:lavender":2,"minecraft:feather":1,"minecraft:chainmail_helmet":1,"minecraft:flint":1,"minecraft:stick":4,"biomesoplenty:violet":1,"twigs:pebble":8,"minecraft:gray_wool":1,"minecraft:dark_oak_log":45,"minecraft:diorite":21,"minecraft:iron_trapdoor":6,"alexsmobs:leafcutter_ant_chamber":1,"twigs:bronzed_seashell":2,"minecraft:seagrass":1,"minecraft:brown_wool":1,"minecraft:snowball":13,"biomesoplenty:spanish_moss":2,"gravestone:obituary":1,"minecraft:gold_nugget":3,"minecraft:sand":3,"minecraft:mud":1,"minecraft:paper":1,"minecraft:string":1,"twigs:opaline_seashell":1,"minecraft:white_wool":2,"twigs:twig":16,"minecraft:gravel":67,"minecraft:stone_axe":1,"minecraft:iron_nugget":3,"minecraft:coarse_dirt":1,"minecraft:stone_sword":1,"minecraft:white_carpet":2,"minecraft:rotten_flesh":7,"minecraft:light_gray_wool":1,"minecraft:oak_planks":1,"minecraft:green_concrete":1,"minecraft:stone_stairs":1,"minecraft:chainmail_chestplate":1,"minecraft:filled_map":1,"minecraft:leather_chestplate":1,"biomesoplenty:fir_planks":4,"minecraft:skeleton_skull":1,"minecraft:leather_boots":1,"minecraft:melon_seeds":3,"minecraft:oak_sapling":15,"minecraft:spider_eye":1,"minecraft:stone_bricks":2,"minecraft:spruce_slab":2,"minecraft:stone_brick_stairs":2,"biomesoplenty:tall_lavender":2,"minecraft:netherrack":126,"minecraft:black_wool":1,"minecraft:terracotta":12},"minecraft:mined":{"minecraft:dark_prismarine":1,"biomesoplenty:watergrass":68,"minecraft:white_bed":11,"biomesoplenty:cherry_log":16,"minecraft:mossy_cobblestone":1,"minecraft:dark_oak_log":45,"minecraft:jungle_leaves":130,"minecraft:warped_stairs":1,"biomesoplenty:bush":15,"minecraft:grass_block":1,"alexsmobs:leafcutter_ant_chamber":1,"minecraft:spruce_leaves":4,"minecraft:green_concrete":1,"minecraft:hopper":1,"minecraft:chiseled_stone_bricks":1,"minecraft:spawner":2,"biomesoplenty:willow_planks":2,"minecraft:large_fern":6,"minecraft:hay_block":52,"biomesoplenty:tall_lavender":1,"minecraft:furnace":6,"minecraft:iron_ore":15,"biomesoplenty:lavender":1,"biomesoplenty:violet":1,"minecraft:andesite":13,"minecraft:pumpkin":72,"twigs:bronzed_seashell":3,"minecraft:gold_block":2,"minecraft:mossy_stone_brick_stairs":1,"minecraft:bookshelf":5,"biomesoplenty:pink_cherry_leaves":54,"biomesoplenty:redwood_log":109,"minecraft:vine":14,"minecraft:bamboo":1,"minecraft:stone":96,"biomesoplenty:spider_egg":1,"twigs:opaline_seashell":1,"minecraft:spruce_slab":2,"biomesoplenty:jacaranda_leaves":286,"minecraft:light_gray_carpet":3,"twigs:pebble":6,"lootr:lootr_chest":9,"lootr:lootr_barrel":6,"minecraft:red_bed":1,"minecraft:powder_snow":4,"minecraft:crafting_table":20,"minecraft:torch":1,"biomesoplenty:fir_planks":4,"minecraft:melon":3,"twigs:roseate_seashell":2,"minecraft:tall_grass":7,"minecraft:cobblestone":9,"biomesoplenty:huge_clover_petal":4,"biomesoplenty:willow_log":103,"minecraft:oak_planks":1,"minecraft:wall_torch":1,"minecraft:diorite":179,"minecraft:skeleton_skull":1,"minecraft:stone_stairs":1,"minecraft:birch_planks":2,"minecraft:coarse_dirt":1,"minecraft:warped_planks":2,"minecraft:mud":65,"biomesoplenty:mahogany_log":68,"minecraft:ice":13,"minecraft:wheat":109,"minecraft:white_carpet":9,"minecraft:prismarine_brick_stairs":8,"minecraft:stone_brick_stairs":3,"biomesoplenty:fir_log":134,"biomesoplenty:clover":3,"minecraft:grass":58,"minecraft:coal_ore":104,"minecraft:oak_log":19,"biomesoplenty:fir_leaves":32,"biomesoplenty:redwood_leaves":128,"minecraft:gravel":141,"minecraft:sand":196,"minecraft:dirt":115,"minecraft:cobweb":25,"minecraft:terracotta":7,"biomesoplenty:reed":2,"minecraft:oak_leaves":328,"minecraft:stone_bricks":7,"minecraft:mossy_stone_bricks":1,"minecraft:netherrack":254,"minecraft:iron_trapdoor":6,"minecraft:fern":15},"minecraft:killed":{"minecraft:cave_spider":1,"alexsmobs:raccoon":1,"alexsmobs:snow_leopard":1,"minecraft:skeleton":9,"alexsmobs:banana_slug":2,"minecraft:llama":1,"minecraft:drowned":1,"minecraft:turtle":2,"minecraft:pig":11,"minecraft:sheep":19,"minecraft:zombie":22,"alexsmobs:crow":1,"minecraft:cow":11},"minecraft:broken":{"minecraft:iron_shovel":1,"minecraft:stone_sword":1,"minecraft:iron_boots":1,"minecraft:stone_pickaxe":3,"minecraft:stone_axe":4,"minecraft:iron_pickaxe":1,"minecraft:stone_shovel":1},"minecraft:picked_up":{"biomesoplenty:redwood_log":82,"minecraft:mud":65,"minecraft:seagrass":1,"minecraft:coarse_dirt":1,"minecraft:crafting_table":20,"minecraft:wheat":109,"minecraft:iron_trapdoor":6,"minecraft:leather_leggings":1,"twigs:roseate_seashell":1,"minecraft:gold_block":2,"biomesoplenty:violet":1,"biomesoplenty:jacaranda_sapling":10,"minecraft:stone_brick_stairs":2,"gravestone:obituary":1,"minecraft:warped_stairs":1,"minecraft:string":28,"biomesoplenty:fir_door":3,"minecraft:stone_stairs":1,"biomesoplenty:tall_lavender":2,"minecraft:white_carpet":2,"twigs:opaline_seashell":2,"biomesoplenty:spanish_moss":2,"minecraft:sea_pickle":2,"biomesoplenty:willow_planks":2,"biomesoplenty:fir_planks":4,"twigs:pebble":52,"minecraft:beef":26,"minecraft:jungle_sapling":4,"minecraft:light_gray_wool":1,"minecraft:spruce_slab":2,"minecraft:melon_slice":16,"minecraft:chest":8,"minecraft:iron_boots":1,"alexsmobs:leafcutter_ant_chamber":1,"minecraft:furnace":6,"minecraft:raw_iron":15,"minecraft:torch":2,"sophisticatedbackpacks:backpack":1,"twigs:bamboo_leaves":3,"minecraft:porkchop":21,"minecraft:diorite":85,"minecraft:warped_planks":2,"minecraft:arrow":13,"minecraft:rotten_flesh":9,"minecraft:hay_block":50,"biomesoplenty:redwood_sapling":6,"minecraft:mutton":27,"minecraft:skeleton_skull":1,"minecraft:snowball":13,"minecraft:white_wool":15,"minecraft:cobblestone":81,"biomesoplenty:lavender":2,"minecraft:leather_chestplate":2,"minecraft:feather":1,"minecraft:andesite":13,"minecraft:leather":15,"minecraft:brown_wool":1,"minecraft:birch_planks":2,"biomesoplenty:fir_sapling":2,"biomesoplenty:fir_log":133,"minecraft:flint":8,"minecraft:oak_log":11,"minecraft:chainmail_chestplate":1,"minecraft:dirt":47,"minecraft:lantern":3,"minecraft:leather_boots":1,"minecraft:bone":7,"minecraft:apple":1,"minecraft:stone_bricks":7,"minecraft:bow":1,"minecraft:wheat_seeds":299,"minecraft:iron_ingot":1,"minecraft:mossy_stone_bricks":1,"minecraft:bamboo":4,"twigs:twig":28,"minecraft:oak_planks":1,"biomesoplenty:cherry_log":16,"minecraft:mossy_stone_brick_stairs":1,"minecraft:book":15,"minecraft:pumpkin":72,"waystones:mossy_waystone":1,"minecraft:gravel":67,"twigs:bronzed_seashell":4,"minecraft:sand":68,"minecraft:white_bed":11,"minecraft:diamond_block":1,"minecraft:dark_oak_log":45,"minecraft:spider_eye":1,"minecraft:barrel":6,"minecraft:mossy_cobblestone":1,"minecraft:dark_prismarine":47,"biomesoplenty:mahogany_log":68,"biomesoplenty:willow_log":103,"minecraft:green_concrete":1,"minecraft:stone_axe":1,"waystones:waystone":4,"minecraft:gray_wool":1,"minecraft:terracotta":12,"minecraft:netherrack":254,"minecraft:oak_sapling":15,"minecraft:light_gray_carpet":5,"minecraft:black_wool":1,"minecraft:coal":212,"minecraft:hopper":1},"minecraft:killed_by":{"minecraft:creeper":1},"minecraft:crafted":{"minecraft:oak_planks":40,"minecraft:stone_shovel":2,"minecraft:furnace":1,"minecraft:cooked_mutton":24,"minecraft:stone_pickaxe":3,"sophisticatedbackpacks:iron_backpack":1,"sophisticatedbackpacks:backpack":1,"minecraft:cooked_porkchop":19,"minecraft:crafting_table":2,"biomesoplenty:redwood_planks":4,"sophisticatedbackpacks:gold_backpack":1,"biomesoplenty:willow_planks":256,"minecraft:stone_axe":8,"minecraft:air":0,"biomesoplenty:fir_planks":148,"minecraft:oak_boat":4,"minecraft:cobblestone":11,"minecraft:shield":1,"minecraft:stick":52,"minecraft:iron_ingot":13,"minecraft:leather_chestplate":1,"minecraft:iron_pickaxe":2,"minecraft:stone_sword":2,"minecraft:iron_shovel":1,"minecraft:gold_ingot":11,"minecraft:white_bed":1,"minecraft:torch":84,"biomesoplenty:fir_door":12}},"DataVersion":3120}