{"stats":{"minecraft:used":{"minecraft:cooked_mutton":12,"minecraft:mossy_stone_bricks":1,"minecraft:stone_sword":162,"minecraft:stone_pickaxe":107,"minecraft:shield":5,"minecraft:mossy_stone_brick_stairs":1,"biomesoplenty:fir_planks":4,"minecraft:torch":24,"minecraft:crafting_table":7,"minecraft:white_bed":2,"twigs:bronzed_seashell":8,"minecraft:stone_bricks":5,"minecraft:stone_axe":209,"minecraft:cobblestone":14,"minecraft:furnace":2,"minecraft:oak_boat":1,"biomesoplenty:fir_log":8},"minecraft:custom":{"lootr:looted_stat":13,"minecraft:interact_with_furnace":12,"spartanshields:shield_bash_hits":1,"minecraft:mob_kills":43,"minecraft:interact_with_crafting_table":10,"minecraft:open_barrel":2,"minecraft:time_since_death":47108,"minecraft:sleep_in_bed":2,"minecraft:climb_one_cm":2887,"minecraft:time_since_rest":8469,"minecraft:sprint_one_cm":93287,"minecraft:damage_taken":1056,"minecraft:walk_one_cm":147237,"minecraft:damage_blocked_by_shield":450,"minecraft:drop":22,"minecraft:damage_dealt":5488,"minecraft:swim_one_cm":25092,"minecraft:fly_one_cm":145307,"minecraft:crouch_one_cm":9940,"minecraft:play_time":47346,"minecraft:deaths":1,"minecraft:sneak_time":4032,"minecraft:walk_under_water_one_cm":3626,"minecraft:boat_one_cm":26280,"minecraft:jump":835,"minecraft:walk_on_water_one_cm":6103,"minecraft:total_world_time":47346,"minecraft:fall_one_cm":20863},"minecraft:dropped":{"minecraft:gravel":1,"minecraft:wheat_seeds":3,"minecraft:coarse_dirt":1,"minecraft:mossy_cobblestone":1,"minecraft:feather":1,"minecraft:stone_stairs":1,"minecraft:flint":1,"minecraft:chainmail_chestplate":1,"twigs:pebble":2,"minecraft:iron_trapdoor":6,"minecraft:skeleton_skull":1,"twigs:bronzed_seashell":1,"minecraft:oak_sapling":1,"gravestone:obituary":1,"minecraft:paper":1,"twigs:opaline_seashell":1,"minecraft:black_wool":1,"twigs:twig":7},"minecraft:mined":{"lootr:lootr_barrel":1,"minecraft:white_bed":2,"twigs:pebble":6,"lootr:lootr_chest":5,"minecraft:mossy_cobblestone":1,"minecraft:crafting_table":7,"minecraft:torch":1,"biomesoplenty:bush":15,"biomesoplenty:fir_planks":4,"twigs:roseate_seashell":2,"minecraft:cobblestone":9,"minecraft:spruce_leaves":2,"minecraft:green_concrete":1,"minecraft:hopper":1,"minecraft:hay_block":29,"minecraft:chiseled_stone_bricks":1,"minecraft:skeleton_skull":1,"minecraft:stone_stairs":1,"minecraft:coarse_dirt":1,"minecraft:furnace":4,"minecraft:iron_ore":2,"minecraft:pumpkin":8,"biomesoplenty:fir_log":134,"twigs:bronzed_seashell":2,"minecraft:stone_brick_stairs":3,"minecraft:bookshelf":5,"minecraft:mossy_stone_brick_stairs":1,"minecraft:grass":12,"minecraft:oak_log":10,"minecraft:coal_ore":49,"biomesoplenty:fir_leaves":32,"minecraft:vine":6,"minecraft:gravel":4,"minecraft:cobweb":6,"minecraft:stone":17,"minecraft:stone_bricks":7,"minecraft:iron_trapdoor":6,"minecraft:oak_leaves":1,"minecraft:mossy_stone_bricks":1,"twigs:opaline_seashell":1,"minecraft:fern":2},"minecraft:killed":{"minecraft:pig":7,"alexsmobs:snow_leopard":1,"minecraft:sheep":12,"minecraft:skeleton":8,"minecraft:zombie":13,"alexsmobs:banana_slug":2,"alexsmobs:crow":1},"minecraft:broken":{"minecraft:stone_sword":1,"minecraft:stone_axe":1,"minecraft:iron_boots":1},"minecraft:picked_up":{"minecraft:coarse_dirt":1,"minecraft:leather_chestplate":2,"minecraft:crafting_table":7,"minecraft:feather":1,"minecraft:iron_trapdoor":6,"minecraft:leather_leggings":1,"twigs:roseate_seashell":1,"minecraft:brown_wool":1,"biomesoplenty:fir_sapling":2,"biomesoplenty:fir_log":133,"minecraft:flint":1,"minecraft:stone_brick_stairs":2,"minecraft:oak_log":10,"minecraft:chainmail_chestplate":1,"gravestone:obituary":1,"minecraft:string":7,"minecraft:lantern":1,"minecraft:stone_stairs":1,"minecraft:bone":6,"twigs:opaline_seashell":2,"minecraft:stone_bricks":7,"minecraft:bow":1,"minecraft:wheat_seeds":3,"biomesoplenty:fir_planks":4,"twigs:pebble":2,"minecraft:mossy_stone_bricks":1,"twigs:twig":7,"minecraft:chest":5,"minecraft:mossy_stone_brick_stairs":1,"minecraft:iron_boots":1,"minecraft:furnace":4,"minecraft:book":15,"minecraft:raw_iron":2,"minecraft:pumpkin":8,"minecraft:torch":1,"minecraft:gravel":1,"sophisticatedbackpacks:backpack":1,"minecraft:porkchop":16,"twigs:bronzed_seashell":3,"minecraft:barrel":1,"minecraft:white_bed":2,"minecraft:diamond_block":1,"minecraft:mossy_cobblestone":1,"minecraft:rotten_flesh":7,"minecraft:arrow":12,"minecraft:green_concrete":1,"minecraft:hay_block":27,"minecraft:hopper":1,"minecraft:light_gray_carpet":5,"minecraft:oak_sapling":1,"minecraft:black_wool":1,"minecraft:mutton":16,"minecraft:skeleton_skull":1,"minecraft:coal":118,"minecraft:white_wool":10,"minecraft:cobblestone":52},"minecraft:killed_by":{"minecraft:creeper":1},"minecraft:crafted":{"minecraft:oak_planks":40,"minecraft:crafting_table":1,"minecraft:furnace":1,"minecraft:stone_axe":2,"minecraft:cooked_mutton":16,"minecraft:air":0,"biomesoplenty:fir_planks":24,"minecraft:oak_boat":1,"minecraft:shield":1,"minecraft:iron_ingot":1,"minecraft:stick":24,"minecraft:leather_chestplate":1,"minecraft:stone_pickaxe":1,"minecraft:stone_sword":2,"minecraft:white_bed":1,"minecraft:torch":52}},"DataVersion":3120}