{"stats":{"minecraft:used":{"minecraft:cooked_mutton":2,"minecraft:mossy_stone_bricks":1,"minecraft:stone_sword":51,"minecraft:stone_pickaxe":84,"minecraft:mossy_stone_brick_stairs":1,"minecraft:torch":6,"minecraft:crafting_table":4,"minecraft:stone_bricks":5,"minecraft:stone_axe":180,"minecraft:cobblestone":2,"minecraft:furnace":2,"minecraft:oak_boat":1,"biomesoplenty:fir_log":8},"minecraft:custom":{"lootr:looted_stat":2,"minecraft:interact_with_furnace":5,"minecraft:mob_kills":17,"minecraft:interact_with_crafting_table":4,"minecraft:time_since_death":23108,"minecraft:climb_one_cm":1310,"minecraft:time_since_rest":23170,"minecraft:sprint_one_cm":41867,"minecraft:damage_taken":370,"minecraft:walk_one_cm":65364,"minecraft:drop":3,"minecraft:damage_dealt":1670,"minecraft:swim_one_cm":10842,"minecraft:fly_one_cm":75358,"minecraft:crouch_one_cm":5928,"minecraft:play_time":23346,"minecraft:deaths":1,"minecraft:sneak_time":2476,"minecraft:walk_under_water_one_cm":2813,"minecraft:boat_one_cm":26280,"minecraft:jump":442,"minecraft:walk_on_water_one_cm":2261,"minecraft:total_world_time":23346,"minecraft:fall_one_cm":12788},"minecraft:dropped":{"minecraft:oak_sapling":1,"gravestone:obituary":1,"twigs:twig":1},"minecraft:mined":{"twigs:pebble":6,"lootr:lootr_chest":1,"minecraft:crafting_table":4,"biomesoplenty:bush":15,"twigs:roseate_seashell":2,"minecraft:cobblestone":1,"minecraft:furnace":1,"minecraft:pumpkin":8,"biomesoplenty:fir_log":134,"twigs:bronzed_seashell":1,"minecraft:stone_brick_stairs":2,"minecraft:mossy_stone_brick_stairs":1,"minecraft:grass":12,"minecraft:oak_log":10,"minecraft:coal_ore":49,"biomesoplenty:fir_leaves":32,"minecraft:vine":6,"minecraft:cobweb":3,"minecraft:stone":15,"minecraft:stone_bricks":5,"minecraft:iron_trapdoor":6,"minecraft:oak_leaves":1,"minecraft:mossy_stone_bricks":1,"twigs:opaline_seashell":1,"minecraft:fern":1},"minecraft:killed":{"minecraft:sheep":12,"minecraft:skeleton":2,"minecraft:zombie":1,"alexsmobs:banana_slug":2},"minecraft:broken":{"minecraft:stone_axe":1},"minecraft:picked_up":{"minecraft:crafting_table":4,"minecraft:iron_trapdoor":6,"twigs:roseate_seashell":1,"minecraft:brown_wool":1,"biomesoplenty:fir_sapling":2,"biomesoplenty:fir_log":133,"minecraft:stone_brick_stairs":1,"minecraft:oak_log":10,"gravestone:obituary":1,"minecraft:string":3,"twigs:opaline_seashell":1,"minecraft:stone_bricks":5,"minecraft:bow":1,"minecraft:wheat_seeds":2,"twigs:pebble":1,"minecraft:mossy_stone_bricks":1,"twigs:twig":7,"minecraft:chest":1,"minecraft:mossy_stone_brick_stairs":1,"minecraft:iron_boots":1,"minecraft:furnace":1,"minecraft:pumpkin":8,"twigs:bronzed_seashell":1,"minecraft:arrow":4,"minecraft:light_gray_carpet":5,"minecraft:oak_sapling":1,"minecraft:black_wool":1,"minecraft:mutton":16,"minecraft:coal":85,"minecraft:white_wool":10,"minecraft:cobblestone":43},"minecraft:killed_by":{"minecraft:creeper":1},"minecraft:crafted":{"minecraft:oak_planks":40,"minecraft:crafting_table":1,"minecraft:furnace":1,"minecraft:stone_axe":2,"minecraft:cooked_mutton":13,"minecraft:air":0,"biomesoplenty:fir_planks":8,"minecraft:oak_boat":1,"minecraft:stick":24,"minecraft:stone_pickaxe":1,"minecraft:stone_sword":1,"minecraft:torch":52}},"DataVersion":3120}