{"stats":{"minecraft:used":{"minecraft:stone_sword":180,"minecraft:iron_shovel":250,"minecraft:stone_shovel":128,"minecraft:shield":5,"minecraft:torch":26,"minecraft:stone_bricks":5,"minecraft:furnace":3,"minecraft:golden_boots":1,"minecraft:cooked_mutton":15,"minecraft:mossy_stone_bricks":1,"minecraft:stone_pickaxe":395,"minecraft:mossy_stone_brick_stairs":1,"biomesoplenty:fir_planks":4,"minecraft:crafting_table":11,"minecraft:white_bed":4,"minecraft:bread":5,"minecraft:iron_pickaxe":252,"minecraft:stone_axe":234,"twigs:bronzed_seashell":8,"minecraft:cobblestone":18,"biomesoplenty:fir_door":6,"minecraft:oak_boat":1,"minecraft:sea_pickle":2,"biomesoplenty:fir_log":8},"minecraft:custom":{"lootr:looted_stat":25,"minecraft:mob_kills":48,"minecraft:interact_with_crafting_table":22,"minecraft:open_barrel":2,"minecraft:time_since_death":77108,"minecraft:climb_one_cm":2887,"minecraft:sprint_one_cm":169415,"minecraft:walk_one_cm":213678,"minecraft:damage_blocked_by_shield":450,"minecraft:drop":43,"minecraft:play_time":77346,"minecraft:deaths":1,"minecraft:sneak_time":5721,"minecraft:walk_under_water_one_cm":47875,"minecraft:boat_one_cm":26280,"minecraft:jump":1458,"minecraft:walk_on_water_one_cm":16555,"minecraft:total_world_time":77346,"minecraft:interact_with_furnace":19,"spartanshields:shield_bash_hits":1,"minecraft:sleep_in_bed":5,"minecraft:time_since_rest":11467,"minecraft:damage_taken":1176,"minecraft:damage_dealt":6208,"minecraft:fly_one_cm":314332,"minecraft:swim_one_cm":42656,"minecraft:crouch_one_cm":11914,"minecraft:fall_one_cm":35114},"minecraft:dropped":{"minecraft:birch_planks":2,"minecraft:wheat_seeds":3,"minecraft:mossy_cobblestone":1,"minecraft:feather":1,"minecraft:flint":1,"biomesoplenty:violet":1,"twigs:pebble":7,"minecraft:diorite":21,"minecraft:iron_trapdoor":6,"twigs:bronzed_seashell":1,"minecraft:brown_wool":1,"minecraft:snowball":13,"gravestone:obituary":1,"minecraft:sand":1,"minecraft:paper":1,"twigs:opaline_seashell":1,"twigs:twig":7,"minecraft:gravel":67,"minecraft:coarse_dirt":1,"minecraft:stone_sword":1,"minecraft:white_carpet":2,"minecraft:oak_planks":1,"minecraft:green_concrete":1,"minecraft:stone_stairs":1,"minecraft:chainmail_chestplate":1,"minecraft:filled_map":1,"biomesoplenty:fir_planks":2,"minecraft:skeleton_skull":1,"minecraft:oak_sapling":1,"minecraft:stone_bricks":2,"minecraft:stone_brick_stairs":2,"minecraft:black_wool":1},"minecraft:mined":{"minecraft:white_bed":4,"minecraft:mossy_cobblestone":1,"biomesoplenty:bush":15,"minecraft:grass_block":1,"minecraft:spruce_leaves":4,"minecraft:green_concrete":1,"minecraft:hopper":1,"minecraft:chiseled_stone_bricks":1,"minecraft:large_fern":6,"minecraft:hay_block":40,"minecraft:furnace":5,"minecraft:iron_ore":4,"biomesoplenty:violet":1,"minecraft:andesite":13,"minecraft:pumpkin":8,"twigs:bronzed_seashell":2,"minecraft:gold_block":1,"minecraft:mossy_stone_brick_stairs":1,"minecraft:bookshelf":5,"minecraft:vine":6,"minecraft:stone":94,"twigs:opaline_seashell":1,"minecraft:light_gray_carpet":3,"twigs:pebble":6,"lootr:lootr_chest":9,"lootr:lootr_barrel":6,"minecraft:red_bed":1,"minecraft:powder_snow":4,"minecraft:crafting_table":10,"minecraft:torch":1,"biomesoplenty:fir_planks":4,"twigs:roseate_seashell":2,"minecraft:cobblestone":9,"minecraft:oak_planks":1,"minecraft:diorite":179,"minecraft:skeleton_skull":1,"minecraft:stone_stairs":1,"minecraft:birch_planks":2,"minecraft:coarse_dirt":1,"minecraft:ice":13,"minecraft:white_carpet":9,"biomesoplenty:fir_log":134,"minecraft:stone_brick_stairs":3,"minecraft:grass":16,"minecraft:coal_ore":49,"minecraft:oak_log":18,"biomesoplenty:fir_leaves":32,"minecraft:gravel":141,"minecraft:sand":129,"minecraft:dirt":115,"minecraft:cobweb":6,"minecraft:stone_bricks":7,"minecraft:netherrack":254,"minecraft:mossy_stone_bricks":1,"minecraft:oak_leaves":1,"minecraft:iron_trapdoor":6,"minecraft:fern":3},"minecraft:killed":{"alexsmobs:snow_leopard":1,"minecraft:skeleton":8,"alexsmobs:banana_slug":2,"minecraft:pig":10,"minecraft:sheep":12,"minecraft:zombie":15,"alexsmobs:crow":1},"minecraft:broken":{"minecraft:iron_shovel":1,"minecraft:stone_sword":1,"minecraft:iron_boots":1,"minecraft:stone_pickaxe":3,"minecraft:stone_axe":1,"minecraft:iron_pickaxe":1},"minecraft:picked_up":{"minecraft:crafting_table":10,"minecraft:coarse_dirt":1,"minecraft:iron_trapdoor":6,"minecraft:leather_leggings":1,"twigs:roseate_seashell":1,"minecraft:gold_block":1,"biomesoplenty:violet":1,"minecraft:stone_brick_stairs":2,"gravestone:obituary":1,"minecraft:string":7,"biomesoplenty:fir_door":3,"minecraft:stone_stairs":1,"minecraft:white_carpet":2,"twigs:opaline_seashell":2,"minecraft:sea_pickle":2,"biomesoplenty:fir_planks":4,"twigs:pebble":51,"minecraft:chest":8,"minecraft:furnace":5,"minecraft:iron_boots":1,"minecraft:raw_iron":4,"minecraft:torch":1,"sophisticatedbackpacks:backpack":1,"minecraft:porkchop":19,"minecraft:diorite":85,"minecraft:arrow":12,"minecraft:rotten_flesh":7,"minecraft:hay_block":38,"minecraft:mutton":16,"minecraft:snowball":13,"minecraft:cobblestone":79,"minecraft:skeleton_skull":1,"minecraft:white_wool":10,"minecraft:leather_chestplate":2,"minecraft:feather":1,"minecraft:andesite":13,"minecraft:brown_wool":1,"minecraft:birch_planks":2,"biomesoplenty:fir_log":133,"biomesoplenty:fir_sapling":2,"minecraft:flint":8,"minecraft:oak_log":10,"minecraft:chainmail_chestplate":1,"minecraft:dirt":47,"minecraft:lantern":3,"minecraft:bone":6,"minecraft:stone_bricks":7,"minecraft:bow":1,"minecraft:wheat_seeds":3,"minecraft:iron_ingot":1,"minecraft:mossy_stone_bricks":1,"twigs:twig":7,"minecraft:oak_planks":1,"minecraft:mossy_stone_brick_stairs":1,"minecraft:book":15,"minecraft:pumpkin":8,"minecraft:sand":1,"minecraft:gravel":67,"twigs:bronzed_seashell":3,"minecraft:white_bed":4,"minecraft:diamond_block":1,"minecraft:barrel":6,"minecraft:mossy_cobblestone":1,"minecraft:green_concrete":1,"minecraft:netherrack":254,"minecraft:black_wool":1,"minecraft:oak_sapling":1,"minecraft:light_gray_carpet":5,"minecraft:coal":119,"minecraft:hopper":1},"minecraft:killed_by":{"minecraft:creeper":1},"minecraft:crafted":{"minecraft:oak_planks":40,"minecraft:stone_shovel":2,"minecraft:furnace":1,"minecraft:cooked_mutton":16,"minecraft:stone_pickaxe":3,"sophisticatedbackpacks:iron_backpack":1,"minecraft:crafting_table":2,"minecraft:stone_axe":2,"minecraft:air":0,"biomesoplenty:fir_planks":44,"minecraft:oak_boat":1,"minecraft:cobblestone":11,"minecraft:shield":1,"minecraft:stick":36,"minecraft:leather_chestplate":1,"minecraft:iron_ingot":4,"minecraft:iron_pickaxe":2,"minecraft:stone_sword":2,"minecraft:iron_shovel":1,"minecraft:white_bed":1,"minecraft:torch":52,"biomesoplenty:fir_door":9}},"DataVersion":3120}