{
  "spartanshields:recipes/spartanshields/stone_tower_shield": {
    "criteria": {
      "has_cobblestone": "2024-11-01 23:27:24 +0000"
    },
    "done": true
  },
  "minecraft:recipes/food/cooked_mutton_from_campfire_cooking": {
    "criteria": {
      "has_mutton": "2024-11-02 14:30:36 +0000"
    },
    "done": true
  },
  "minecraft:recipes/building_blocks/purple_wool": {
    "criteria": {
      "has_white_wool": "2024-11-02 14:30:35 +0000"
    },
    "done": true
  },
  "sophisticatedstorage:recipes/sophisticatedstorage/oak_limited_barrel_4": {
    "criteria": {
      "has_oak_plank": "2024-11-01 23:27:04 +0000"
    },
    "done": true
  },
  "sophisticatedstorage:recipes/sophisticatedstorage/oak_limited_barrel_3": {
    "criteria": {
      "has_oak_plank": "2024-11-01 23:27:04 +0000"
    },
    "done": true
  },
  "twigs:recipes/cobblestone_bricks/cobblestone_brick_wall_from_cobblestone_stonecutting": {
    "criteria": {
      "has_item": "2024-11-01 23:27:24 +0000"
    },
    "done": true
  },
  "minecraft:recipes/redstone/lever": {
    "criteria": {
      "has_cobblestone": "2024-11-01 23:27:24 +0000"
    },
    "done": true
  },
  "smallships:recipes/transportation/birch_drakkar": {
    "criteria": {
      "in_water": "2024-11-02 14:29:51 +0000"
    },
    "done": true
  },
  "sophisticatedstorage:recipes/sophisticatedstorage/oak_limited_barrel_2": {
    "criteria": {
      "has_oak_plank": "2024-11-01 23:27:04 +0000"
    },
    "done": true
  },
  "minecraft:recipes/building_blocks/cobblestone_stairs_from_cobblestone_stonecutting": {
    "criteria": {
      "has_cobblestone": "2024-11-01 23:27:24 +0000"
    },
    "done": true
  },
  "sophisticatedstorage:recipes/sophisticatedstorage/oak_limited_barrel_1": {
    "criteria": {
      "has_oak_plank": "2024-11-01 23:27:04 +0000"
    },
    "done": true
  },
  "another_furniture:recipes/another_furniture/birch_drawer": {
    "criteria": {
      "has_planks": "2024-11-01 23:27:14 +0000"
    },
    "done": true
  },
  "smallships:recipes/transportation/jungle_drakkar": {
    "criteria": {
      "in_water": "2024-11-02 14:29:51 +0000"
    },
    "done": true
  },
  "biomesoplenty:recipes/transportation/willow_boat": {
    "criteria": {
      "in_water": "2024-11-02 14:29:51 +0000"
    },
    "done": true
  },
  "minecraft:recipes/decorations/white_bed": {
    "criteria": {
      "has_white_wool": "2024-11-02 14:30:35 +0000"
    },
    "done": true
  },
  "minecraft:recipes/redstone/birch_pressure_plate": {
    "criteria": {
      "has_planks": "2024-11-01 23:25:12 +0000"
    },
    "done": true
  },
  "minecraft:recipes/decorations/crafting_table": {
    "criteria": {
      "has_planks": "2024-11-01 23:25:12 +0000"
    },
    "done": true
  },
  "minecraft:recipes/decorations/campfire": {
    "criteria": {
      "has_stick": "2024-11-01 23:27:14 +0000"
    },
    "done": true
  },
  "minecraft:recipes/building_blocks/magenta_wool": {
    "criteria": {
      "has_white_wool": "2024-11-02 14:30:35 +0000"
    },
    "done": true
  },
  "mcwpaths:recipes/cobblestone": {
    "criteria": {
      "has_wood": "2024-11-01 23:27:24 +0000"
    },
    "done": true
  },
  "smallships:recipes/transportation/birch_cog": {
    "criteria": {
      "in_water": "2024-11-02 14:29:51 +0000"
    },
    "done": true
  },
  "mcwbridges:recipes/asian_red_bridge": {
    "criteria": {
      "has_planks": "2024-11-01 23:27:04 +0000"
    },
    "done": true
  },
  "another_furniture:recipes/another_furniture/jungle_drawer": {
    "criteria": {
      "has_planks": "2024-11-01 23:27:14 +0000"
    },
    "done": true
  },
  "biomesoplenty:recipes/transportation/mahogany_boat": {
    "criteria": {
      "in_water": "2024-11-02 14:29:51 +0000"
    },
    "done": true
  },
  "mcwroofs:recipes/birch_planks": {
    "criteria": {
      "has_planks": "2024-11-01 23:25:12 +0000"
    },
    "done": true
  },
  "minecraft:recipes/decorations/ladder": {
    "criteria": {
      "has_stick": "2024-11-01 23:27:14 +0000"
    },
    "done": true
  },
  "minecraft:recipes/decorations/chest": {
    "criteria": {
      "has_lots_of_items": "2024-11-02 14:22:54 +0000"
    },
    "done": true
  },
  "mcwroofs:recipes/oak": {
    "criteria": {
      "has_planks": "2024-11-01 23:27:02 +0000"
    },
    "done": true
  },
  "minecraft:recipes/transportation/mangrove_boat": {
    "criteria": {
      "in_water": "2024-11-02 14:29:51 +0000"
    },
    "done": true
  },
  "mcwtrpdoors:recipes/oak_blossom_trapdoor": {
    "criteria": {
      "has_plankss": "2024-11-01 23:27:04 +0000"
    },
    "done": true
  },
  "minecraft:recipes/tools/wooden_shovel": {
    "criteria": {
      "has_stick": "2024-11-01 23:27:14 +0000"
    },
    "done": true
  },
  "twigs:recipes/cobblestone_bricks/cobblestone_bricks_stonecutting": {
    "criteria": {
      "has_item": "2024-11-01 23:27:24 +0000"
    },
    "done": true
  },
  "mcwfences:recipes/stone": {
    "criteria": {
      "has_stone": "2024-11-01 23:22:43 +0000"
    },
    "done": true
  },
  "mcwroofs:recipes/grass": {
    "criteria": {
      "has_planks": "2024-11-01 23:27:29 +0000"
    },
    "done": true
  },
  "mcwtrpdoors:recipes/oak/oak_barn_trapdoor": {
    "criteria": {
      "has_logs": "2024-11-01 23:27:02 +0000"
    },
    "done": true
  },
  "minecraft:recipes/building_blocks/cyan_wool": {
    "criteria": {
      "has_white_wool": "2024-11-02 14:30:35 +0000"
    },
    "done": true
  },
  "another_furniture:recipes/another_furniture/birch_shelf": {
    "criteria": {
      "has_planks": "2024-11-01 23:25:12 +0000"
    },
    "done": true
  },
  "biomesoplenty:recipes/transportation/dead_boat": {
    "criteria": {
      "in_water": "2024-11-02 14:29:51 +0000"
    },
    "done": true
  },
  "minecraft:recipes/misc/stick": {
    "criteria": {
      "has_planks": "2024-11-01 23:25:12 +0000"
    },
    "done": true
  },
  "smallships:recipes/transportation/acacia_galley": {
    "criteria": {
      "in_water": "2024-11-02 14:29:51 +0000"
    },
    "done": true
  },
  "mcwwindows:recipes/dark_prismarine": {
    "criteria": {
      "has_the_recipe": "2024-11-01 23:27:02 +0000"
    },
    "done": true
  },
  "minecraft:recipes/transportation/spruce_boat": {
    "criteria": {
      "in_water": "2024-11-02 14:29:51 +0000"
    },
    "done": true
  },
  "mcwdoors:recipes/oak": {
    "criteria": {
      "has_wood": "2024-11-01 23:27:02 +0000"
    },
    "done": true
  },
  "chiselsandbits:recipes/chiselsandbits/chisel_diamond": {
    "criteria": {
      "has_rod": "2024-11-01 23:27:14 +0000"
    },
    "done": true
  },
  "mcwfences:recipes/jungle": {
    "criteria": {
      "has_jungle": "2024-11-01 23:22:43 +0000"
    },
    "done": true
  },
  "sophisticatedstorage:recipes/sophisticatedstorage/birch_limited_barrel_1": {
    "criteria": {
      "has_birch_plank": "2024-11-01 23:25:12 +0000"
    },
    "done": true
  },
  "twigs:recipes/cobblestone_bricks/cobblestone_bricks": {
    "criteria": {
      "has_item": "2024-11-01 23:27:24 +0000"
    },
    "done": true
  },
  "minecraft:recipes/building_blocks/gray_wool": {
    "criteria": {
      "has_white_wool": "2024-11-02 14:30:35 +0000"
    },
    "done": true
  },
  "mcwroofs:recipes/oak_planks": {
    "criteria": {
      "has_planks": "2024-11-01 23:27:04 +0000"
    },
    "done": true
  },
  "mcwfences:recipes/spruce": {
    "criteria": {
      "has_spruce": "2024-11-01 23:22:43 +0000"
    },
    "done": true
  },
  "mcwfences:recipes/oak": {
    "criteria": {
      "has_oak": "2024-11-01 23:22:43 +0000"
    },
    "done": true
  },
  "another_furniture:recipes/another_furniture/white_stool": {
    "criteria": {
      "has_wool": "2024-11-02 14:30:35 +0000"
    },
    "done": true
  },
  "mcwfences:recipes/hedge": {
    "criteria": {
      "has_birch": "2024-11-01 23:22:43 +0000"
    },
    "done": true
  },
  "mcwfences:recipes/end": {
    "criteria": {
      "has_end_brick": "2024-11-01 23:22:43 +0000"
    },
    "done": true
  },
  "minecraft:husbandry/balanced_diet": {
    "criteria": {
      "cooked_mutton": "2024-11-02 14:30:58 +0000",
      "mutton": "2024-11-02 14:30:50 +0000",
      "rotten_flesh": "2024-11-02 14:25:02 +0000"
    },
    "done": false
  },
  "minecraft:recipes/tools/wooden_hoe": {
    "criteria": {
      "has_stick": "2024-11-01 23:27:14 +0000"
    },
    "done": true
  },
  "mcwbridges:recipes/cobblestone_bridge": {
    "criteria": {
      "has_planks": "2024-11-01 23:27:24 +0000"
    },
    "done": true
  },
  "mcwtrpdoors:recipes/acacia/birch_bark_trapdoor": {
    "criteria": {
      "has_logs": "2024-11-01 23:25:08 +0000"
    },
    "done": true
  },
  "mcwwindows:recipes/dark_oak": {
    "criteria": {
      "has_the_recipe": "2024-11-01 23:27:02 +0000"
    },
    "done": true
  },
  "minecraft:recipes/building_blocks/cobblestone_slab": {
    "criteria": {
      "has_cobblestone": "2024-11-01 23:27:24 +0000"
    },
    "done": true
  },
  "smallships:recipes/transportation/jungle_galley": {
    "criteria": {
      "in_water": "2024-11-02 14:29:51 +0000"
    },
    "done": true
  },
  "smallships:recipes/transportation/acacia_brigg": {
    "criteria": {
      "in_water": "2024-11-02 14:29:51 +0000"
    },
    "done": true
  },
  "minecraft:recipes/building_blocks/cobblestone_stairs": {
    "criteria": {
      "has_cobblestone": "2024-11-01 23:27:24 +0000"
    },
    "done": true
  },
  "mcwtrpdoors:recipes/birch/birch_tropical_trapdoor": {
    "criteria": {
      "has_logs": "2024-11-01 23:25:08 +0000"
    },
    "done": true
  },
  "minecraft:recipes/building_blocks/birch_slab": {
    "criteria": {
      "has_planks": "2024-11-01 23:25:12 +0000"
    },
    "done": true
  },
  "biomesoplenty:recipes/transportation/magic_boat": {
    "criteria": {
      "in_water": "2024-11-02 14:29:51 +0000"
    },
    "done": true
  },
  "mcwtrpdoors:recipes/birch/birch_classic_trapdoor": {
    "criteria": {
      "has_logs": "2024-11-01 23:25:08 +0000"
    },
    "done": true
  },
  "another_furniture:recipes/another_furniture/white_lamp": {
    "criteria": {
      "has_wool": "2024-11-02 14:30:35 +0000"
    },
    "done": true
  },
  "mcwbridges:recipes/cobblestone_bridge_pier": {
    "criteria": {
      "has_planks": "2024-11-01 23:27:24 +0000"
    },
    "done": true
  },
  "mcwwindows:recipes/prismarine": {
    "criteria": {
      "has_the_recipe": "2024-11-01 23:27:02 +0000"
    },
    "done": true
  },
  "mcwtrpdoors:recipes/birch/birch_cottage_trapdoor": {
    "criteria": {
      "has_logs": "2024-11-01 23:25:08 +0000"
    },
    "done": true
  },
  "smallships:recipes/transportation/dark_oak_galley": {
    "criteria": {
      "in_water": "2024-11-02 14:29:51 +0000"
    },
    "done": true
  },
  "minecraft:recipes/decorations/white_banner": {
    "criteria": {
      "has_white_wool": "2024-11-02 14:30:35 +0000"
    },
    "done": true
  },
  "mcwwindows:recipes/crimson": {
    "criteria": {
      "has_the_recipe": "2024-11-01 23:27:02 +0000"
    },
    "done": true
  },
  "sophisticatedstorage:recipes/sophisticatedstorage/birch_limited_barrel_3": {
    "criteria": {
      "has_birch_plank": "2024-11-01 23:25:12 +0000"
    },
    "done": true
  },
  "sophisticatedstorage:recipes/sophisticatedstorage/birch_limited_barrel_2": {
    "criteria": {
      "has_birch_plank": "2024-11-01 23:25:12 +0000"
    },
    "done": true
  },
  "biomesoplenty:recipes/transportation/cherry_boat": {
    "criteria": {
      "in_water": "2024-11-02 14:29:51 +0000"
    },
    "done": true
  },
  "sophisticatedstorage:recipes/sophisticatedstorage/birch_limited_barrel_4": {
    "criteria": {
      "has_birch_plank": "2024-11-01 23:25:12 +0000"
    },
    "done": true
  },
  "mcwfurnitures:recipes/birch": {
    "criteria": {
      "has_wood": "2024-11-01 23:25:08 +0000"
    },
    "done": true
  },
  "biomesoplenty:recipes/transportation/fir_boat": {
    "criteria": {
      "in_water": "2024-11-02 14:29:51 +0000"
    },
    "done": true
  },
  "chiselsandbits:recipes/chiselsandbits/wrench": {
    "criteria": {
      "has_p": "2024-11-01 23:25:12 +0000"
    },
    "done": true
  },
  "mcwbridges:recipes/asian_red_bridge_pier": {
    "criteria": {
      "has_planks": "2024-11-01 23:27:04 +0000"
    },
    "done": true
  },
  "chiselsandbits:recipes/chiselsandbits/chisel_iron": {
    "criteria": {
      "has_rod": "2024-11-01 23:27:14 +0000"
    },
    "done": true
  },
  "another_furniture:recipes/another_furniture/white_curtain": {
    "criteria": {
      "has_wool": "2024-11-02 14:30:35 +0000"
    },
    "done": true
  },
  "minecraft:recipes/redstone/oak_fence_gate": {
    "criteria": {
      "has_planks": "2024-11-01 23:27:04 +0000"
    },
    "done": true
  },
  "spartanshields:recipes/spartanshields/stone_basic_shield": {
    "criteria": {
      "has_cobblestone": "2024-11-01 23:27:24 +0000"
    },
    "done": true
  },
  "smallships:recipes/transportation/oak_brigg": {
    "criteria": {
      "in_water": "2024-11-02 14:29:51 +0000"
    },
    "done": true
  },
  "minecraft:recipes/building_blocks/blue_wool": {
    "criteria": {
      "has_white_wool": "2024-11-02 14:30:35 +0000"
    },
    "done": true
  },
  "smallships:recipes/transportation/birch_galley": {
    "criteria": {
      "in_water": "2024-11-02 14:29:51 +0000"
    },
    "done": true
  },
  "minecraft:story/mine_stone": {
    "criteria": {
      "get_stone": "2024-11-01 23:27:24 +0000"
    },
    "done": true
  },
  "biomesoplenty:biomesoplenty/all_biomes": {
    "criteria": {
      "shrubland": "2024-11-02 14:20:45 +0000",
      "rocky_shrubland": "2024-11-02 14:21:07 +0000",
      "prairie": "2024-11-02 14:29:53 +0000"
    },
    "done": false
  },
  "minecraft:recipes/decorations/furnace": {
    "criteria": {
      "has_cobblestone": "2024-11-01 23:27:24 +0000"
    },
    "done": true
  },
  "smallships:recipes/transportation/birch_brigg": {
    "criteria": {
      "in_water": "2024-11-02 14:29:51 +0000"
    },
    "done": true
  },
  "minecraft:recipes/misc/charcoal": {
    "criteria": {
      "has_log": "2024-11-01 23:25:08 +0000"
    },
    "done": true
  },
  "mcwtrpdoors:recipes/print_classic": {
    "criteria": {
      "has_logs": "2024-11-01 23:27:02 +0000"
    },
    "done": true
  },
  "minecraft:recipes/building_blocks/orange_wool": {
    "criteria": {
      "has_white_wool": "2024-11-02 14:30:35 +0000"
    },
    "done": true
  },
  "minecraft:recipes/tools/wooden_pickaxe": {
    "criteria": {
      "has_stick": "2024-11-01 23:27:14 +0000"
    },
    "done": true
  },
  "minecraft:recipes/building_blocks/cobblestone_slab_from_cobblestone_stonecutting": {
    "criteria": {
      "has_cobblestone": "2024-11-01 23:27:24 +0000"
    },
    "done": true
  },
  "minecraft:husbandry/root": {
    "criteria": {
      "consumed_item": "2024-11-02 14:25:02 +0000"
    },
    "done": true
  },
  "mcwfences:recipes/nether": {
    "criteria": {
      "has_nether_brick": "2024-11-01 23:22:43 +0000"
    },
    "done": true
  },
  "minecraft:recipes/transportation/birch_boat": {
    "criteria": {
      "in_water": "2024-11-02 14:29:51 +0000"
    },
    "done": true
  },
  "minecraft:recipes/building_blocks/oak_stairs": {
    "criteria": {
      "has_planks": "2024-11-01 23:27:04 +0000"
    },
    "done": true
  },
  "securitycraft:recipes/securitycraft/sonic_security_system": {
    "criteria": {
      "has_stick": "2024-11-01 23:27:14 +0000"
    },
    "done": true
  },
  "minecraft:recipes/transportation/acacia_boat": {
    "criteria": {
      "in_water": "2024-11-02 14:29:51 +0000"
    },
    "done": true
  },
  "mcwfences:recipes/crimson": {
    "criteria": {
      "has_crimson": "2024-11-01 23:22:43 +0000"
    },
    "done": true
  },
  "minecraft:recipes/decorations/birch_sign": {
    "criteria": {
      "has_planks": "2024-11-01 23:25:12 +0000"
    },
    "done": true
  },
  "minecraft:adventure/root": {
    "criteria": {
      "killed_something": "2024-11-02 14:30:35 +0000"
    },
    "done": true
  },
  "mcwfences:recipes/prismarine": {
    "criteria": {
      "has_qq": "2024-11-01 23:22:43 +0000"
    },
    "done": true
  },
  "mcwfences:recipes/bamboo": {
    "criteria": {
      "has_bamboo": "2024-11-01 23:22:43 +0000"
    },
    "done": true
  },
  "mcwtrpdoors:recipes/oak/oak_barred_trapdoor": {
    "criteria": {
      "has_logs": "2024-11-01 23:27:02 +0000"
    },
    "done": true
  },
  "mcwwindows:recipes/acacia": {
    "criteria": {
      "has_the_recipe": "2024-11-01 23:27:02 +0000"
    },
    "done": true
  },
  "mcwtrpdoors:recipes/oak/oak_swamp_trapdoor": {
    "criteria": {
      "has_logs": "2024-11-01 23:27:02 +0000"
    },
    "done": true
  },
  "mcwwindows:recipes/curtains": {
    "criteria": {
      "has_wood": "2024-11-02 14:30:35 +0000"
    },
    "done": true
  },
  "mcwwindows:recipes/parapets": {
    "criteria": {
      "has_wood": "2024-11-01 23:27:04 +0000"
    },
    "done": true
  },
  "chiselsandbits:recipes/chiselsandbits/modification_table": {
    "criteria": {
      "has_b": "2024-11-01 23:25:08 +0000"
    },
    "done": true
  },
  "minecraft:recipes/tools/stone_hoe": {
    "criteria": {
      "has_cobblestone": "2024-11-01 23:27:24 +0000"
    },
    "done": true
  },
  "another_furniture:recipes/another_furniture/acacia_drawer": {
    "criteria": {
      "has_planks": "2024-11-01 23:27:14 +0000"
    },
    "done": true
  },
  "mcwfences:recipes/quartz": {
    "criteria": {
      "has_qq": "2024-11-01 23:22:43 +0000"
    },
    "done": true
  },
  "minecraft:recipes/building_blocks/birch_wood": {
    "criteria": {
      "has_log": "2024-11-01 23:25:08 +0000"
    },
    "done": true
  },
  "twigs:recipes/cobblestone_bricks/cobblestone_brick_slab_from_cobblestone_stonecutting": {
    "criteria": {
      "has_item": "2024-11-01 23:27:24 +0000"
    },
    "done": true
  },
  "mcwtrpdoors:recipes/birch/birch_barred_trapdoor": {
    "criteria": {
      "has_logs": "2024-11-01 23:25:08 +0000"
    },
    "done": true
  },
  "mcwstairs:recipes/oak": {
    "criteria": {
      "has_planks": "2024-11-01 23:27:02 +0000"
    },
    "done": true
  },
  "sophisticatedstorage:recipes/sophisticatedstorage/oak_chest": {
    "criteria": {
      "has_oak_plank": "2024-11-01 23:27:04 +0000"
    },
    "done": true
  },
  "mcwbridges:recipes/cobblestone_bridge_stair": {
    "criteria": {
      "has_planks": "2024-11-01 23:27:24 +0000"
    },
    "done": true
  },
  "smallships:recipes/transportation/acacia_drakkar": {
    "criteria": {
      "in_water": "2024-11-02 14:29:51 +0000"
    },
    "done": true
  },
  "another_furniture:recipes/another_furniture/white_sofa": {
    "criteria": {
      "has_wool": "2024-11-02 14:30:35 +0000"
    },
    "done": true
  },
  "minecraft:recipes/decorations/white_carpet": {
    "criteria": {
      "has_white_wool": "2024-11-02 14:30:35 +0000"
    },
    "done": true
  },
  "smallships:recipes/transportation/spruce_brigg": {
    "criteria": {
      "in_water": "2024-11-02 14:29:51 +0000"
    },
    "done": true
  },
  "another_furniture:recipes/another_furniture/warped_drawer": {
    "criteria": {
      "has_planks": "2024-11-01 23:27:14 +0000"
    },
    "done": true
  },
  "minecraft:recipes/food/cooked_mutton_from_smoking": {
    "criteria": {
      "has_mutton": "2024-11-02 14:30:36 +0000"
    },
    "done": true
  },
  "smallships:recipes/transportation/jungle_brigg": {
    "criteria": {
      "in_water": "2024-11-02 14:29:51 +0000"
    },
    "done": true
  },
  "mcwbridges:recipes/balustrade_cobblestone_bridge": {
    "criteria": {
      "has_planks": "2024-11-01 23:27:24 +0000"
    },
    "done": true
  },
  "minecraft:recipes/redstone/birch_door": {
    "criteria": {
      "has_planks": "2024-11-01 23:25:12 +0000"
    },
    "done": true
  },
  "mcwtrpdoors:recipes/birch/birch_glass_trapdoor": {
    "criteria": {
      "has_logs": "2024-11-01 23:25:08 +0000"
    },
    "done": true
  },
  "mcwwindows:recipes/red_sandstone": {
    "criteria": {
      "has_the_recipe": "2024-11-01 23:27:02 +0000"
    },
    "done": true
  },
  "chiselsandbits:recipes/chiselsandbits/chiseled_printer": {
    "criteria": {
      "has_l": "2024-11-01 23:25:08 +0000"
    },
    "done": true
  },
  "mcwwindows:recipes/diorite": {
    "criteria": {
      "has_the_recipe": "2024-11-01 23:27:02 +0000"
    },
    "done": true
  },
  "alexsmobs:alexsmobs/root": {
    "criteria": {
      "useitem": "2024-11-02 14:29:48 +0000"
    },
    "done": true
  },
  "minecraft:recipes/decorations/oak_fence": {
    "criteria": {
      "has_planks": "2024-11-01 23:27:04 +0000"
    },
    "done": true
  },
  "mcwstairs:recipes/stone": {
    "criteria": {
      "has_planks": "2024-11-01 23:27:24 +0000"
    },
    "done": true
  },
  "minecraft:recipes/transportation/oak_boat": {
    "criteria": {
      "in_water": "2024-11-02 14:29:51 +0000"
    },
    "done": true
  },
  "smallships:recipes/transportation/spruce_cog": {
    "criteria": {
      "in_water": "2024-11-02 14:29:51 +0000"
    },
    "done": true
  },
  "mcwtrpdoors:recipes/birch/birch_barn_trapdoor": {
    "criteria": {
      "has_logs": "2024-11-01 23:25:08 +0000"
    },
    "done": true
  },
  "smallships:recipes/transportation/mangrove_drakkar": {
    "criteria": {
      "in_water": "2024-11-02 14:29:51 +0000"
    },
    "done": true
  },
  "minecraft:recipes/decorations/birch_fence": {
    "criteria": {
      "has_planks": "2024-11-01 23:25:12 +0000"
    },
    "done": true
  },
  "minecraft:recipes/building_blocks/oak_slab": {
    "criteria": {
      "has_planks": "2024-11-01 23:27:04 +0000"
    },
    "done": true
  },
  "chiselsandbits:recipes/chiselsandbits/bit_bag": {
    "criteria": {
      "has_w": "2024-11-02 14:30:35 +0000"
    },
    "done": true
  },
  "mcwwindows:recipes/granite": {
    "criteria": {
      "has_the_recipe": "2024-11-01 23:27:02 +0000"
    },
    "done": true
  },
  "another_furniture:recipes/another_furniture/oak_drawer": {
    "criteria": {
      "has_planks": "2024-11-01 23:27:14 +0000"
    },
    "done": true
  },
  "minecraft:recipes/tools/wooden_axe": {
    "criteria": {
      "has_stick": "2024-11-01 23:27:14 +0000"
    },
    "done": true
  },
  "mcwtrpdoors:recipes/birch/birch_barrel_trapdoor": {
    "criteria": {
      "has_logs": "2024-11-01 23:25:08 +0000"
    },
    "done": true
  },
  "minecraft:recipes/building_blocks/lime_wool": {
    "criteria": {
      "has_white_wool": "2024-11-02 14:30:35 +0000"
    },
    "done": true
  },
  "sophisticatedstorage:recipes/sophisticatedstorage/oak_barrel": {
    "criteria": {
      "has_oak_plank": "2024-11-01 23:27:04 +0000"
    },
    "done": true
  },
  "mcwfences:recipes/deepslate": {
    "criteria": {
      "has_deepslate": "2024-11-01 23:22:43 +0000"
    },
    "done": true
  },
  "twigs:recipes/cobblestone_bricks/cobblestone_brick_stairs_from_cobblestone_stonecutting": {
    "criteria": {
      "has_item": "2024-11-01 23:27:24 +0000"
    },
    "done": true
  },
  "mcwwindows:recipes/deepslate": {
    "criteria": {
      "has_the_recipe": "2024-11-01 23:27:02 +0000"
    },
    "done": true
  },
  "minecraft:recipes/building_blocks/black_wool": {
    "criteria": {
      "has_white_wool": "2024-11-02 14:30:35 +0000"
    },
    "done": true
  },
  "mcwwindows:recipes/andesite": {
    "criteria": {
      "has_the_recipe": "2024-11-01 23:27:02 +0000"
    },
    "done": true
  },
  "smallships:recipes/transportation/acacia_cog": {
    "criteria": {
      "in_water": "2024-11-02 14:29:51 +0000"
    },
    "done": true
  },
  "biomesoplenty:recipes/transportation/umbran_boat": {
    "criteria": {
      "in_water": "2024-11-02 14:29:51 +0000"
    },
    "done": true
  },
  "mcwbridges:recipes/rope_birch_bridge": {
    "criteria": {
      "has_planks": "2024-11-01 23:25:12 +0000"
    },
    "done": true
  },
  "biomesoplenty:recipes/transportation/palm_boat": {
    "criteria": {
      "in_water": "2024-11-02 14:29:51 +0000"
    },
    "done": true
  },
  "minecraft:recipes/building_blocks/green_wool": {
    "criteria": {
      "has_white_wool": "2024-11-02 14:30:35 +0000"
    },
    "done": true
  },
  "mcwbridges:recipes/oak_log_bridge_middle": {
    "criteria": {
      "has_planks": "2024-11-01 23:27:04 +0000"
    },
    "done": true
  },
  "mcwwindows:recipes/sandstone": {
    "criteria": {
      "has_the_recipe": "2024-11-01 23:27:02 +0000"
    },
    "done": true
  },
  "mcwwindows:recipes/blinds": {
    "criteria": {
      "has_wood": "2024-11-01 23:27:04 +0000"
    },
    "done": true
  },
  "spartanshields:recipes/spartanshields/wooden_tower_shield": {
    "criteria": {
      "has_planks": "2024-11-01 23:25:12 +0000"
    },
    "done": true
  },
  "minecraft:recipes/building_blocks/brown_wool": {
    "criteria": {
      "has_white_wool": "2024-11-02 14:30:35 +0000"
    },
    "done": true
  },
  "mcwfences:recipes/sandstone": {
    "criteria": {
      "has_sand": "2024-11-01 23:22:43 +0000"
    },
    "done": true
  },
  "another_furniture:recipes/another_furniture/dark_oak_drawer": {
    "criteria": {
      "has_planks": "2024-11-01 23:27:14 +0000"
    },
    "done": true
  },
  "mcwfences:recipes/mud_brick": {
    "criteria": {
      "has_qq": "2024-11-01 23:22:43 +0000"
    },
    "done": true
  },
  "biomesoplenty:recipes/transportation/redwood_boat": {
    "criteria": {
      "in_water": "2024-11-02 14:29:51 +0000"
    },
    "done": true
  },
  "smallships:recipes/transportation/spruce_drakkar": {
    "criteria": {
      "in_water": "2024-11-02 14:29:51 +0000"
    },
    "done": true
  },
  "mcwwindows:recipes/metal": {
    "criteria": {
      "has_the_recipe": "2024-11-01 23:27:02 +0000"
    },
    "done": true
  },
  "mcwpaths:recipes/oak": {
    "criteria": {
      "has_wood": "2024-11-01 23:27:04 +0000"
    },
    "done": true
  },
  "minecraft:recipes/redstone/birch_button": {
    "criteria": {
      "has_planks": "2024-11-01 23:25:12 +0000"
    },
    "done": true
  },
  "mcwwindows:recipes/bricks": {
    "criteria": {
      "has_the_recipe": "2024-11-01 23:27:02 +0000"
    },
    "done": true
  },
  "smallships:recipes/transportation/oak_cog": {
    "criteria": {
      "in_water": "2024-11-02 14:29:51 +0000"
    },
    "done": true
  },
  "minecraft:recipes/decorations/painting": {
    "criteria": {
      "has_wool": "2024-11-02 14:30:35 +0000"
    },
    "done": true
  },
  "mcwtrpdoors:recipes/oak/oak_cottage_trapdoor": {
    "criteria": {
      "has_logs": "2024-11-01 23:27:02 +0000"
    },
    "done": true
  },
  "mcwroofs:recipes/cobblestone": {
    "criteria": {
      "has_planks": "2024-11-01 23:27:24 +0000"
    },
    "done": true
  },
  "mcwbridges:recipes/oak_bridge_pier": {
    "criteria": {
      "has_planks": "2024-11-01 23:27:02 +0000"
    },
    "done": true
  },
  "mcwtrpdoors:recipes/oak/oak_four_panel_trapdoor": {
    "criteria": {
      "has_logs": "2024-11-01 23:27:02 +0000"
    },
    "done": true
  },
  "securitycraft:recipes/securitycraft/sc_manual": {
    "criteria": {
      "has_wood": "2024-11-01 23:25:08 +0000"
    },
    "done": true
  },
  "mcwfences:recipes/mangrove": {
    "criteria": {
      "has_mangrove": "2024-11-01 23:22:43 +0000"
    },
    "done": true
  },
  "mcwfences:recipes/warped": {
    "criteria": {
      "has_warped": "2024-11-01 23:22:43 +0000"
    },
    "done": true
  },
  "chiselsandbits:recipes/chiselsandbits/chisel_stone": {
    "criteria": {
      "has_rod": "2024-11-01 23:27:14 +0000"
    },
    "done": true
  },
  "minecraft:recipes/building_blocks/light_blue_wool": {
    "criteria": {
      "has_white_wool": "2024-11-02 14:30:35 +0000"
    },
    "done": true
  },
  "minecraft:recipes/combat/wooden_sword": {
    "criteria": {
      "has_stick": "2024-11-01 23:27:14 +0000"
    },
    "done": true
  },
  "minecraft:recipes/tools/stone_shovel": {
    "criteria": {
      "has_cobblestone": "2024-11-01 23:27:24 +0000"
    },
    "done": true
  },
  "minecraft:recipes/building_blocks/oak_planks": {
    "criteria": {
      "has_logs": "2024-11-01 23:27:02 +0000"
    },
    "done": true
  },
  "smallships:recipes/transportation/mangrove_cog": {
    "criteria": {
      "in_water": "2024-11-02 14:29:51 +0000"
    },
    "done": true
  },
  "mcwfurnitures:recipes/oak": {
    "criteria": {
      "has_wood": "2024-11-01 23:27:02 +0000"
    },
    "done": true
  },
  "securitycraft:recipes/securitycraft/reinforced_andesite": {
    "criteria": {
      "has_cobblestone": "2024-11-01 23:27:24 +0000"
    },
    "done": true
  },
  "mcwtrpdoors:recipes/oak/oak_ranch_trapdoor": {
    "criteria": {
      "has_logs": "2024-11-01 23:27:02 +0000"
    },
    "done": true
  },
  "mcwtrpdoors:recipes/birch_blossom_trapdoor": {
    "criteria": {
      "has_plankss": "2024-11-01 23:25:12 +0000"
    },
    "done": true
  },
  "mcwfences:recipes/birch": {
    "criteria": {
      "has_birch": "2024-11-01 23:22:43 +0000"
    },
    "done": true
  },
  "mcwwindows:recipes/birch": {
    "criteria": {
      "has_wood": "2024-11-01 23:25:08 +0000"
    },
    "done": true
  },
  "minecraft:recipes/redstone/oak_pressure_plate": {
    "criteria": {
      "has_planks": "2024-11-01 23:27:04 +0000"
    },
    "done": true
  },
  "mcwbridges:recipes/birch_log_bridge_middle": {
    "criteria": {
      "has_planks": "2024-11-01 23:25:12 +0000"
    },
    "done": true
  },
  "mcwwindows:recipes/shutters": {
    "criteria": {
      "has_wood": "2024-11-01 23:27:04 +0000"
    },
    "done": true
  },
  "minecraft:recipes/building_blocks/birch_planks": {
    "criteria": {
      "has_logs": "2024-11-01 23:25:08 +0000"
    },
    "done": true
  },
  "biomesoplenty:biomesoplenty/root": {
    "criteria": {
      "shrubland": "2024-11-02 14:20:45 +0000"
    },
    "done": true
  },
  "mcwbridges:recipes/rope_oak_bridge": {
    "criteria": {
      "has_planks": "2024-11-01 23:27:04 +0000"
    },
    "done": true
  },
  "mcwwindows:recipes/components": {
    "criteria": {
      "has_wood": "2024-11-01 23:27:02 +0000"
    },
    "done": true
  },
  "sophisticatedstorage:recipes/sophisticatedstorage/birch_chest": {
    "criteria": {
      "has_birch_plank": "2024-11-01 23:25:12 +0000"
    },
    "done": true
  },
  "minecraft:recipes/building_blocks/oak_wood": {
    "criteria": {
      "has_log": "2024-11-01 23:27:02 +0000"
    },
    "done": true
  },
  "minecraft:recipes/redstone/birch_fence_gate": {
    "criteria": {
      "has_planks": "2024-11-01 23:25:12 +0000"
    },
    "done": true
  },
  "minecraft:story/root": {
    "criteria": {
      "crafting_table": "2024-11-01 23:25:17 +0000"
    },
    "done": true
  },
  "chiselsandbits:recipes/chiselsandbits/bit_storage": {
    "criteria": {
      "has_l": "2024-11-01 23:25:08 +0000"
    },
    "done": true
  },
  "minecraft:recipes/combat/crossbow": {
    "criteria": {
      "has_stick": "2024-11-01 23:27:14 +0000"
    },
    "done": true
  },
  "mcwwindows:recipes/warped": {
    "criteria": {
      "has_the_recipe": "2024-11-01 23:27:02 +0000"
    },
    "done": true
  },
  "minecraft:recipes/building_blocks/yellow_wool": {
    "criteria": {
      "has_white_wool": "2024-11-02 14:30:35 +0000"
    },
    "done": true
  },
  "mcwwindows:recipes/mangrove": {
    "criteria": {
      "has_the_recipe": "2024-11-01 23:27:02 +0000"
    },
    "done": true
  },
  "minecraft:recipes/decorations/oak_sign": {
    "criteria": {
      "has_planks": "2024-11-01 23:27:04 +0000"
    },
    "done": true
  },
  "smallships:recipes/transportation/jungle_cog": {
    "criteria": {
      "in_water": "2024-11-02 14:29:51 +0000"
    },
    "done": true
  },
  "minecraft:recipes/redstone/oak_trapdoor": {
    "criteria": {
      "has_planks": "2024-11-01 23:27:04 +0000"
    },
    "done": true
  },
  "mcwroofs:recipes/birch": {
    "criteria": {
      "has_planks": "2024-11-01 23:25:08 +0000"
    },
    "done": true
  },
  "mcwbridges:recipes/birch_rail_bridge": {
    "criteria": {
      "has_planks": "2024-11-01 23:25:12 +0000"
    },
    "done": true
  },
  "mcwtrpdoors:recipes/birch/birch_beach_trapdoor": {
    "criteria": {
      "has_logs": "2024-11-01 23:25:08 +0000"
    },
    "done": true
  },
  "securitycraft:recipes/securitycraft/reinforced_diorite": {
    "criteria": {
      "has_cobblestone": "2024-11-01 23:27:24 +0000"
    },
    "done": true
  },
  "lootr:root": {
    "criteria": {
      "always_true": "2024-11-01 23:22:44 +0000"
    },
    "done": true
  },
  "minecraft:recipes/redstone/oak_button": {
    "criteria": {
      "has_planks": "2024-11-01 23:27:04 +0000"
    },
    "done": true
  },
  "mcwtrpdoors:recipes/birch/birch_four_panel_trapdoor": {
    "criteria": {
      "has_logs": "2024-11-01 23:25:08 +0000"
    },
    "done": true
  },
  "another_furniture:recipes/another_furniture/birch_chair": {
    "criteria": {
      "has_planks": "2024-11-01 23:25:12 +0000"
    },
    "done": true
  },
  "mcwtrpdoors:recipes/oak/oak_glass_trapdoor": {
    "criteria": {
      "has_logs": "2024-11-01 23:27:02 +0000"
    },
    "done": true
  },
  "mcwtrpdoors:recipes/acacia/oak_bark_trapdoor": {
    "criteria": {
      "has_logs": "2024-11-01 23:27:02 +0000"
    },
    "done": true
  },
  "fantasyfurniture:recipes/fantasyfurniture/furniture_station": {
    "criteria": {
      "has_crafting_table": "2024-11-01 23:25:17 +0000"
    },
    "done": true
  },
  "mcwwindows:recipes/blackstone": {
    "criteria": {
      "has_the_recipe": "2024-11-01 23:27:02 +0000"
    },
    "done": true
  },
  "mcwfences:recipes/blackstone": {
    "criteria": {
      "has_blackstone": "2024-11-01 23:22:43 +0000"
    },
    "done": true
  },
  "minecraft:recipes/building_blocks/stone": {
    "criteria": {
      "has_cobblestone": "2024-11-01 23:27:24 +0000"
    },
    "done": true
  },
  "twigs:recipes/tables/birch_table": {
    "criteria": {
      "has_bamboo": "2024-11-01 23:25:12 +0000"
    },
    "done": true
  },
  "smallships:recipes/transportation/oak_drakkar": {
    "criteria": {
      "in_water": "2024-11-02 14:29:51 +0000"
    },
    "done": true
  },
  "biomesoplenty:recipes/transportation/hellbark_boat": {
    "criteria": {
      "in_water": "2024-11-02 14:29:51 +0000"
    },
    "done": true
  },
  "minecraft:adventure/adventuring_time": {
    "criteria": {
      "minecraft:sunflower_plains": "2024-11-02 14:27:19 +0000",
      "minecraft:river": "2024-11-02 14:29:48 +0000",
      "minecraft:forest": "2024-11-01 23:22:45 +0000",
      "minecraft:meadow": "2024-11-02 14:21:23 +0000",
      "minecraft:plains": "2024-11-02 14:25:35 +0000"
    },
    "done": false
  },
  "mcwpaths:recipes/birch": {
    "criteria": {
      "has_wood": "2024-11-01 23:25:12 +0000"
    },
    "done": true
  },
  "mcwbridges:recipes/birch_bridge_pier": {
    "criteria": {
      "has_planks": "2024-11-01 23:25:08 +0000"
    },
    "done": true
  },
  "mcwwindows:recipes/curtain_rods": {
    "criteria": {
      "has_the_recipe": "2024-11-01 23:27:02 +0000"
    },
    "done": true
  },
  "spartanshields:recipes/spartanshields/wooden_basic_shield": {
    "criteria": {
      "has_planks": "2024-11-01 23:25:12 +0000"
    },
    "done": true
  },
  "mcwbridges:recipes/oak_rail_bridge": {
    "criteria": {
      "has_planks": "2024-11-01 23:27:04 +0000"
    },
    "done": true
  },
  "another_furniture:recipes/another_furniture/crimson_drawer": {
    "criteria": {
      "has_planks": "2024-11-01 23:27:14 +0000"
    },
    "done": true
  },
  "smallships:recipes/transportation/dark_oak_drakkar": {
    "criteria": {
      "in_water": "2024-11-02 14:29:51 +0000"
    },
    "done": true
  },
  "chiselsandbits:recipes/chiselsandbits/magnifying_glass": {
    "criteria": {
      "has_s": "2024-11-01 23:27:14 +0000"
    },
    "done": true
  },
  "another_furniture:recipes/another_furniture/white_tall_stool": {
    "criteria": {
      "has_wool": "2024-11-02 14:30:35 +0000"
    },
    "done": true
  },
  "mcwtrpdoors:recipes/print_paper": {
    "criteria": {
      "has_logs": "2024-11-01 23:25:08 +0000"
    },
    "done": true
  },
  "minecraft:recipes/combat/stone_sword": {
    "criteria": {
      "has_cobblestone": "2024-11-01 23:27:24 +0000"
    },
    "done": true
  },
  "mcwtrpdoors:recipes/birch/birch_swamp_trapdoor": {
    "criteria": {
      "has_logs": "2024-11-01 23:25:08 +0000"
    },
    "done": true
  },
  "minecraft:recipes/decorations/barrel": {
    "criteria": {
      "has_planks": "2024-11-01 23:25:12 +0000"
    },
    "done": true
  },
  "minecraft:recipes/decorations/cobblestone_wall": {
    "criteria": {
      "has_cobblestone": "2024-11-01 23:27:24 +0000"
    },
    "done": true
  },
  "another_furniture:recipes/another_furniture/oak_shelf": {
    "criteria": {
      "has_planks": "2024-11-01 23:27:04 +0000"
    },
    "done": true
  },
  "minecraft:recipes/tools/stone_pickaxe": {
    "criteria": {
      "has_cobblestone": "2024-11-01 23:27:24 +0000"
    },
    "done": true
  },
  "another_furniture:recipes/another_furniture/mangrove_drawer": {
    "criteria": {
      "has_planks": "2024-11-01 23:27:14 +0000"
    },
    "done": true
  },
  "minecraft:recipes/redstone/oak_door": {
    "criteria": {
      "has_planks": "2024-11-01 23:27:04 +0000"
    },
    "done": true
  },
  "twigs:recipes/tables/oak_table": {
    "criteria": {
      "has_bamboo": "2024-11-01 23:27:04 +0000"
    },
    "done": true
  },
  "mcwstairs:recipes/birch": {
    "criteria": {
      "has_planks": "2024-11-01 23:25:08 +0000"
    },
    "done": true
  },
  "securitycraft:recipes/securitycraft/motion_activated_light": {
    "criteria": {
      "has_stick": "2024-11-01 23:27:14 +0000"
    },
    "done": true
  },
  "smallships:recipes/misc/sail": {
    "criteria": {
      "in_water": "2024-11-02 14:29:51 +0000"
    },
    "done": true
  },
  "smallships:recipes/transportation/mangrove_galley": {
    "criteria": {
      "in_water": "2024-11-02 14:29:51 +0000"
    },
    "done": true
  },
  "minecraft:recipes/transportation/jungle_boat": {
    "criteria": {
      "in_water": "2024-11-02 14:29:51 +0000"
    },
    "done": true
  },
  "minecraft:recipes/decorations/cobblestone_wall_from_cobblestone_stonecutting": {
    "criteria": {
      "has_cobblestone": "2024-11-01 23:27:24 +0000"
    },
    "done": true
  },
  "mcwfences:recipes/acacia": {
    "criteria": {
      "has_acacia": "2024-11-01 23:22:43 +0000"
    },
    "done": true
  },
  "minecraft:recipes/building_blocks/birch_stairs": {
    "criteria": {
      "has_planks": "2024-11-01 23:25:12 +0000"
    },
    "done": true
  },
  "mcwwindows:recipes/jungle": {
    "criteria": {
      "has_the_recipe": "2024-11-01 23:27:02 +0000"
    },
    "done": true
  },
  "minecraft:recipes/transportation/dark_oak_boat": {
    "criteria": {
      "in_water": "2024-11-02 14:29:51 +0000"
    },
    "done": true
  },
  "smallships:recipes/transportation/oak_galley": {
    "criteria": {
      "in_water": "2024-11-02 14:29:51 +0000"
    },
    "done": true
  },
  "minecraft:recipes/building_blocks/pink_wool": {
    "criteria": {
      "has_white_wool": "2024-11-02 14:30:35 +0000"
    },
    "done": true
  },
  "mcwtrpdoors:recipes/oak/oak_beach_trapdoor": {
    "criteria": {
      "has_logs": "2024-11-01 23:27:02 +0000"
    },
    "done": true
  },
  "mcwtrpdoors:recipes/birch/birch_mystic_trapdoor": {
    "criteria": {
      "has_logs": "2024-11-01 23:25:08 +0000"
    },
    "done": true
  },
  "mcwwindows:recipes/oak": {
    "criteria": {
      "has_wood": "2024-11-01 23:27:02 +0000",
      "has_the_recipe": "2024-11-01 23:27:02 +0000"
    },
    "done": true
  },
  "mcwwindows:recipes/spruce": {
    "criteria": {
      "has_the_recipe": "2024-11-01 23:27:02 +0000"
    },
    "done": true
  },
  "smallships:recipes/transportation/mangrove_brigg": {
    "criteria": {
      "in_water": "2024-11-02 14:29:51 +0000"
    },
    "done": true
  },
  "smallships:recipes/transportation/spruce_galley": {
    "criteria": {
      "in_water": "2024-11-02 14:29:51 +0000"
    },
    "done": true
  },
  "mcwwindows:recipes/quartz": {
    "criteria": {
      "has_the_recipe": "2024-11-01 23:27:02 +0000"
    },
    "done": true
  },
  "minecraft:recipes/redstone/birch_trapdoor": {
    "criteria": {
      "has_planks": "2024-11-01 23:25:12 +0000"
    },
    "done": true
  },
  "chiselsandbits:recipes/chiselsandbits/chisel_gold": {
    "criteria": {
      "has_rod": "2024-11-01 23:27:14 +0000"
    },
    "done": true
  },
  "another_furniture:recipes/another_furniture/birch_table": {
    "criteria": {
      "has_planks": "2024-11-01 23:25:12 +0000"
    },
    "done": true
  },
  "mcwfences:recipes/dark_oak": {
    "criteria": {
      "has_dark_oak": "2024-11-01 23:22:43 +0000"
    },
    "done": true
  },
  "biomesoplenty:recipes/transportation/jacaranda_boat": {
    "criteria": {
      "in_water": "2024-11-02 14:29:51 +0000"
    },
    "done": true
  },
  "twigs:recipes/stick_from_twig": {
    "criteria": {
      "has_item": "2024-11-02 14:22:55 +0000"
    },
    "done": true
  },
  "another_furniture:recipes/another_furniture/spruce_drawer": {
    "criteria": {
      "has_planks": "2024-11-01 23:27:14 +0000"
    },
    "done": true
  },
  "mcwtrpdoors:recipes/birch/birch_ranch_trapdoor": {
    "criteria": {
      "has_logs": "2024-11-01 23:25:08 +0000"
    },
    "done": true
  },
  "smallships:recipes/transportation/dark_oak_brigg": {
    "criteria": {
      "in_water": "2024-11-02 14:29:51 +0000"
    },
    "done": true
  },
  "mcwtrpdoors:recipes/oak/oak_paper_trapdoor": {
    "criteria": {
      "has_logs": "2024-11-01 23:27:02 +0000"
    },
    "done": true
  },
  "another_furniture:recipes/another_furniture/oak_table": {
    "criteria": {
      "has_planks": "2024-11-01 23:27:04 +0000"
    },
    "done": true
  },
  "mcwroofs:recipes/awning": {
    "criteria": {
      "has_planks": "2024-11-02 14:30:35 +0000"
    },
    "done": true
  },
  "mcwdoors:recipes/cherry_print": {
    "criteria": {
      "has_wood": "2024-11-01 23:27:02 +0000"
    },
    "done": true
  },
  "mcwdoors:recipes/birch": {
    "criteria": {
      "has_wood": "2024-11-01 23:25:08 +0000"
    },
    "done": true
  },
  "minecraft:recipes/building_blocks/light_gray_wool": {
    "criteria": {
      "has_white_wool": "2024-11-02 14:30:35 +0000"
    },
    "done": true
  },
  "smallships:recipes/transportation/dark_oak_cog": {
    "criteria": {
      "in_water": "2024-11-02 14:29:51 +0000"
    },
    "done": true
  },
  "sophisticatedstorage:recipes/sophisticatedstorage/birch_barrel": {
    "criteria": {
      "has_birch_plank": "2024-11-01 23:25:12 +0000"
    },
    "done": true
  },
  "minecraft:recipes/building_blocks/red_wool": {
    "criteria": {
      "has_white_wool": "2024-11-02 14:30:35 +0000"
    },
    "done": true
  },
  "mcwtrpdoors:recipes/oak/oak_barrel_trapdoor": {
    "criteria": {
      "has_logs": "2024-11-01 23:27:02 +0000"
    },
    "done": true
  },
  "minecraft:recipes/decorations/soul_campfire": {
    "criteria": {
      "has_stick": "2024-11-01 23:27:14 +0000"
    },
    "done": true
  },
  "mcwtrpdoors:recipes/oak/oak_tropical_trapdoor": {
    "criteria": {
      "has_logs": "2024-11-01 23:27:02 +0000"
    },
    "done": true
  },
  "mcwwindows:recipes/stone": {
    "criteria": {
      "has_the_recipe": "2024-11-01 23:27:02 +0000"
    },
    "done": true
  },
  "minecraft:recipes/tools/stone_axe": {
    "criteria": {
      "has_cobblestone": "2024-11-01 23:27:24 +0000"
    },
    "done": true
  },
  "minecraft:recipes/food/cooked_mutton": {
    "criteria": {
      "has_mutton": "2024-11-02 14:30:36 +0000"
    },
    "done": true
  },
  "mcwtrpdoors:recipes/oak/oak_mystic_trapdoor": {
    "criteria": {
      "has_logs": "2024-11-01 23:27:02 +0000"
    },
    "done": true
  },
  "another_furniture:recipes/another_furniture/oak_chair": {
    "criteria": {
      "has_planks": "2024-11-01 23:27:04 +0000"
    },
    "done": true
  },
  "DataVersion": 3120
}